[
{
  "model": "contenttypes.contenttype",
  "pk": 1,
  "fields": {
    "app_label": "admin",
    "model": "logentry"
  }
},
{
  "model": "contenttypes.contenttype",
  "pk": 2,
  "fields": {
    "app_label": "auth",
    "model": "permission"
  }
},
{
  "model": "contenttypes.contenttype",
  "pk": 3,
  "fields": {
    "app_label": "auth",
    "model": "group"
  }
},
{
  "model": "contenttypes.contenttype",
  "pk": 4,
  "fields": {
    "app_label": "contenttypes",
    "model": "contenttype"
  }
},
{
  "model": "contenttypes.contenttype",
  "pk": 5,
  "fields": {
    "app_label": "sessions",
    "model": "session"
  }
},
{
  "model": "contenttypes.contenttype",
  "pk": 6,
  "fields": {
    "app_label": "cuser",
    "model": "group"
  }
},
{
  "model": "contenttypes.contenttype",
  "pk": 7,
  "fields": {
    "app_label": "account",
    "model": "user"
  }
},
{
  "model": "contenttypes.contenttype",
  "pk": 8,
  "fields": {
    "app_label": "catalog",
    "model": "category"
  }
},
{
  "model": "contenttypes.contenttype",
  "pk": 9,
  "fields": {
    "app_label": "catalog",
    "model": "product"
  }
},
{
  "model": "contenttypes.contenttype",
  "pk": 10,
  "fields": {
    "app_label": "catalog",
    "model": "bulkproduct"
  }
},
{
  "model": "contenttypes.contenttype",
  "pk": 11,
  "fields": {
    "app_label": "catalog",
    "model": "individualproduct"
  }
},
{
  "model": "contenttypes.contenttype",
  "pk": 12,
  "fields": {
    "app_label": "catalog",
    "model": "rentalproduct"
  }
},
{
  "model": "contenttypes.contenttype",
  "pk": 13,
  "fields": {
    "app_label": "catalog",
    "model": "productimage"
  }
},
{
  "model": "contenttypes.contenttype",
  "pk": 14,
  "fields": {
    "app_label": "catalog",
    "model": "order"
  }
},
{
  "model": "contenttypes.contenttype",
  "pk": 15,
  "fields": {
    "app_label": "catalog",
    "model": "orderitem"
  }
},
{
  "model": "contenttypes.contenttype",
  "pk": 16,
  "fields": {
    "app_label": "catalog",
    "model": "payment"
  }
},
{
  "model": "sessions.session",
  "pk": "0awmqflnbq6g8uqyc7sus1yzf4mrxryf",
  "fields": {
    "session_data": "ZGI5OTQ1NDk5ZGIwMzViZWI2OWU4ZDk3NzI3MzYzYTUxNmUwMDg5Nzp7InByb2R1Y3RpZHMiOltdfQ==",
    "expire_date": "2018-04-16T12:44:15.624"
  }
},
{
  "model": "sessions.session",
  "pk": "1iamusx1vx5rocijtjsyn6h9kd9v84fu",
  "fields": {
    "session_data": "MjY3ZDdmMzI4NjVhYzc2MTg1N2ExZTBlYjI5NzdlMzJlZDUyMjE4NTp7Il9hdXRoX3VzZXJfaWQiOiIxMDAiLCJfYXV0aF91c2VyX2JhY2tlbmQiOiJkamFuZ28uY29udHJpYi5hdXRoLmJhY2tlbmRzLk1vZGVsQmFja2VuZCIsIl9hdXRoX3VzZXJfaGFzaCI6IjllNWRiYzBjNjZmNDdlYTgwZWRlYzBjMzEwNzU0ZGVlM2VlY2E3NmQiLCJwcm9kdWN0aWRzIjpbXX0=",
    "expire_date": "2018-04-16T15:08:31.611"
  }
},
{
  "model": "sessions.session",
  "pk": "57cegxbsd7bf7819558gmmhnm9ur0vrc",
  "fields": {
    "session_data": "N2NjMWU5MGZmODUzODkyNmFjYjdmNjAzMTEwYjE0YjY5N2QyNDI0YTp7Il9hdXRoX3VzZXJfaWQiOiIyIiwiX2F1dGhfdXNlcl9iYWNrZW5kIjoiZGphbmdvLmNvbnRyaWIuYXV0aC5iYWNrZW5kcy5Nb2RlbEJhY2tlbmQiLCJfYXV0aF91c2VyX2hhc2giOiI0YjhhM2FhMjIzMjA0MTc2MDZmY2YxMzJkYzE2NmM5ZWRjM2JmNzA4In0=",
    "expire_date": "2018-02-12T17:42:37.894"
  }
},
{
  "model": "sessions.session",
  "pk": "5bgfuidwj8a3zdwokk0ldpzfj6ig4dr3",
  "fields": {
    "session_data": "MjY3ZDdmMzI4NjVhYzc2MTg1N2ExZTBlYjI5NzdlMzJlZDUyMjE4NTp7Il9hdXRoX3VzZXJfaWQiOiIxMDAiLCJfYXV0aF91c2VyX2JhY2tlbmQiOiJkamFuZ28uY29udHJpYi5hdXRoLmJhY2tlbmRzLk1vZGVsQmFja2VuZCIsIl9hdXRoX3VzZXJfaGFzaCI6IjllNWRiYzBjNjZmNDdlYTgwZWRlYzBjMzEwNzU0ZGVlM2VlY2E3NmQiLCJwcm9kdWN0aWRzIjpbXX0=",
    "expire_date": "2018-04-16T14:35:31.157"
  }
},
{
  "model": "sessions.session",
  "pk": "7iyebyg6naodwcw0sf0ajdi2h5r0txwx",
  "fields": {
    "session_data": "ZGI5OTQ1NDk5ZGIwMzViZWI2OWU4ZDk3NzI3MzYzYTUxNmUwMDg5Nzp7InByb2R1Y3RpZHMiOltdfQ==",
    "expire_date": "2018-04-13T19:45:08.285"
  }
},
{
  "model": "sessions.session",
  "pk": "7v88kateozleiu2fpmkf6auj9t5iftbl",
  "fields": {
    "session_data": "MjY3ZDdmMzI4NjVhYzc2MTg1N2ExZTBlYjI5NzdlMzJlZDUyMjE4NTp7Il9hdXRoX3VzZXJfaWQiOiIxMDAiLCJfYXV0aF91c2VyX2JhY2tlbmQiOiJkamFuZ28uY29udHJpYi5hdXRoLmJhY2tlbmRzLk1vZGVsQmFja2VuZCIsIl9hdXRoX3VzZXJfaGFzaCI6IjllNWRiYzBjNjZmNDdlYTgwZWRlYzBjMzEwNzU0ZGVlM2VlY2E3NmQiLCJwcm9kdWN0aWRzIjpbXX0=",
    "expire_date": "2018-04-16T14:36:19.384"
  }
},
{
  "model": "sessions.session",
  "pk": "8slgd1jyd9w6a9kv7fmhz79850t8z37j",
  "fields": {
    "session_data": "ZGI5OTQ1NDk5ZGIwMzViZWI2OWU4ZDk3NzI3MzYzYTUxNmUwMDg5Nzp7InByb2R1Y3RpZHMiOltdfQ==",
    "expire_date": "2018-04-19T15:19:50.523"
  }
},
{
  "model": "sessions.session",
  "pk": "8wy66n7twp480shn2r3lknoc78wep4oi",
  "fields": {
    "session_data": "ZjdhOWZhNjllNDc0MjdhZDZlNjBlMzdlYmVjZTRkMjZmNjM4OGMzMTp7Il9hdXRoX3VzZXJfaWQiOiIxMDAiLCJfYXV0aF91c2VyX2JhY2tlbmQiOiJkamFuZ28uY29udHJpYi5hdXRoLmJhY2tlbmRzLk1vZGVsQmFja2VuZCIsIl9hdXRoX3VzZXJfaGFzaCI6IjllNWRiYzBjNjZmNDdlYTgwZWRlYzBjMzEwNzU0ZGVlM2VlY2E3NmQiLCJwcm9kdWN0aWRzIjpbMjAsMSwxNywxMiwzNSw0Ml19",
    "expire_date": "2018-04-20T23:08:11.126"
  }
},
{
  "model": "sessions.session",
  "pk": "aah8mla7u6vb38oim9ga5lrhp1tttooq",
  "fields": {
    "session_data": "OWJmOThhMDczZTdkNjYzYWQwZTA0OWM5ZWMxYWQ1MjAyZDg4YTg4ODp7InByb2R1Y3RpZHMiOls1N10sIl9hdXRoX3VzZXJfaWQiOiIxMDAiLCJfYXV0aF91c2VyX2JhY2tlbmQiOiJkamFuZ28uY29udHJpYi5hdXRoLmJhY2tlbmRzLk1vZGVsQmFja2VuZCIsIl9hdXRoX3VzZXJfaGFzaCI6IjllNWRiYzBjNjZmNDdlYTgwZWRlYzBjMzEwNzU0ZGVlM2VlY2E3NmQifQ==",
    "expire_date": "2018-04-16T15:09:37.911"
  }
},
{
  "model": "sessions.session",
  "pk": "b8qeu5n02o9vpv4pbuad297spegz3vfz",
  "fields": {
    "session_data": "ZGI5OTQ1NDk5ZGIwMzViZWI2OWU4ZDk3NzI3MzYzYTUxNmUwMDg5Nzp7InByb2R1Y3RpZHMiOltdfQ==",
    "expire_date": "2018-04-13T19:53:16.990"
  }
},
{
  "model": "sessions.session",
  "pk": "icc541dj3qxnu91570qez329guc8ipev",
  "fields": {
    "session_data": "ZGI5OTQ1NDk5ZGIwMzViZWI2OWU4ZDk3NzI3MzYzYTUxNmUwMDg5Nzp7InByb2R1Y3RpZHMiOltdfQ==",
    "expire_date": "2018-04-13T19:42:22.250"
  }
},
{
  "model": "sessions.session",
  "pk": "it5g4r349z6jvbvo1sawchf2ct700k7w",
  "fields": {
    "session_data": "ZGI5OTQ1NDk5ZGIwMzViZWI2OWU4ZDk3NzI3MzYzYTUxNmUwMDg5Nzp7InByb2R1Y3RpZHMiOltdfQ==",
    "expire_date": "2018-04-16T12:44:08.835"
  }
},
{
  "model": "sessions.session",
  "pk": "kfgkd8uy8y4mag2yb94cz5jhe8id1fgo",
  "fields": {
    "session_data": "ZGI5OTQ1NDk5ZGIwMzViZWI2OWU4ZDk3NzI3MzYzYTUxNmUwMDg5Nzp7InByb2R1Y3RpZHMiOltdfQ==",
    "expire_date": "2018-04-24T20:12:59.202"
  }
},
{
  "model": "sessions.session",
  "pk": "kuazhiwlyiiy5yuw5muvf6v0ly3qrd4m",
  "fields": {
    "session_data": "MjY3ZDdmMzI4NjVhYzc2MTg1N2ExZTBlYjI5NzdlMzJlZDUyMjE4NTp7Il9hdXRoX3VzZXJfaWQiOiIxMDAiLCJfYXV0aF91c2VyX2JhY2tlbmQiOiJkamFuZ28uY29udHJpYi5hdXRoLmJhY2tlbmRzLk1vZGVsQmFja2VuZCIsIl9hdXRoX3VzZXJfaGFzaCI6IjllNWRiYzBjNjZmNDdlYTgwZWRlYzBjMzEwNzU0ZGVlM2VlY2E3NmQiLCJwcm9kdWN0aWRzIjpbXX0=",
    "expire_date": "2018-04-16T14:37:12.645"
  }
},
{
  "model": "sessions.session",
  "pk": "nd6u1jnhukhjihqinwbokx0hjr6af2u1",
  "fields": {
    "session_data": "ZGI5OTQ1NDk5ZGIwMzViZWI2OWU4ZDk3NzI3MzYzYTUxNmUwMDg5Nzp7InByb2R1Y3RpZHMiOltdfQ==",
    "expire_date": "2018-04-13T19:53:12.342"
  }
},
{
  "model": "sessions.session",
  "pk": "qfpr1iap0w8oaud6mnqe7oxjy79jycmq",
  "fields": {
    "session_data": "YjhjYWNmZmZmNWRmN2VlODdhNjM0YzA4MDNiMjA3NzVkOTIxNjFiMDp7fQ==",
    "expire_date": "2018-04-16T14:34:34.840"
  }
},
{
  "model": "sessions.session",
  "pk": "s7akowuk0w8d0gu7uzo2p2rvhllxtvb4",
  "fields": {
    "session_data": "MjY3ZDdmMzI4NjVhYzc2MTg1N2ExZTBlYjI5NzdlMzJlZDUyMjE4NTp7Il9hdXRoX3VzZXJfaWQiOiIxMDAiLCJfYXV0aF91c2VyX2JhY2tlbmQiOiJkamFuZ28uY29udHJpYi5hdXRoLmJhY2tlbmRzLk1vZGVsQmFja2VuZCIsIl9hdXRoX3VzZXJfaGFzaCI6IjllNWRiYzBjNjZmNDdlYTgwZWRlYzBjMzEwNzU0ZGVlM2VlY2E3NmQiLCJwcm9kdWN0aWRzIjpbXX0=",
    "expire_date": "2018-04-16T14:37:43.382"
  }
},
{
  "model": "sessions.session",
  "pk": "t4ams1f4ek21r7ggx715gjgxvqd1tglb",
  "fields": {
    "session_data": "ZGI5OTQ1NDk5ZGIwMzViZWI2OWU4ZDk3NzI3MzYzYTUxNmUwMDg5Nzp7InByb2R1Y3RpZHMiOltdfQ==",
    "expire_date": "2018-04-19T15:19:50.461"
  }
},
{
  "model": "sessions.session",
  "pk": "tvqizkvjd5h9tldum4zarxkduz1ewbso",
  "fields": {
    "session_data": "NTFjMDg2MDJlMmI3NjkxODhmYjhmNWZiMDU0MjQ3NmMxMzRjNmU1NTp7InByb2R1Y3RpZHMiOltdLCJfYXV0aF91c2VyX2lkIjoiMTA0IiwiX2F1dGhfdXNlcl9iYWNrZW5kIjoiZGphbmdvLmNvbnRyaWIuYXV0aC5iYWNrZW5kcy5Nb2RlbEJhY2tlbmQiLCJfYXV0aF91c2VyX2hhc2giOiJmNjU3ZGZjNTdhOTM4NmQ4NmJjOTlkZDNlMjYwMDM2NmQ0YzBlODRhIn0=",
    "expire_date": "2018-04-25T23:16:40.819"
  }
},
{
  "model": "sessions.session",
  "pk": "v03007vmrf82hdkhq513h93oa96e931x",
  "fields": {
    "session_data": "MjY3ZDdmMzI4NjVhYzc2MTg1N2ExZTBlYjI5NzdlMzJlZDUyMjE4NTp7Il9hdXRoX3VzZXJfaWQiOiIxMDAiLCJfYXV0aF91c2VyX2JhY2tlbmQiOiJkamFuZ28uY29udHJpYi5hdXRoLmJhY2tlbmRzLk1vZGVsQmFja2VuZCIsIl9hdXRoX3VzZXJfaGFzaCI6IjllNWRiYzBjNjZmNDdlYTgwZWRlYzBjMzEwNzU0ZGVlM2VlY2E3NmQiLCJwcm9kdWN0aWRzIjpbXX0=",
    "expire_date": "2018-04-16T15:09:27.387"
  }
},
{
  "model": "catalog.category",
  "pk": 1,
  "fields": {
    "Name": "Instruments",
    "Description": "This is a category named Instruments",
    "CreateDate": "2018-03-27T14:21:54.448",
    "LastModified": "2018-03-27T14:21:54.448"
  }
},
{
  "model": "catalog.category",
  "pk": 2,
  "fields": {
    "Name": "Sheet Music",
    "Description": "This is a category named Sheet Music",
    "CreateDate": "2018-03-27T14:21:54.451",
    "LastModified": "2018-03-27T14:21:54.451"
  }
},
{
  "model": "catalog.category",
  "pk": 3,
  "fields": {
    "Name": "Electronics",
    "Description": "This is a category named Electronics",
    "CreateDate": "2018-03-27T14:21:54.453",
    "LastModified": "2018-03-27T14:21:54.453"
  }
},
{
  "model": "catalog.category",
  "pk": 4,
  "fields": {
    "Name": "Software",
    "Description": "This is a category named Software",
    "CreateDate": "2018-03-27T14:21:54.455",
    "LastModified": "2018-03-27T14:21:54.455"
  }
},
{
  "model": "catalog.category",
  "pk": 5,
  "fields": {
    "Name": "Lesson Books",
    "Description": "This is a category named Lesson Books",
    "CreateDate": "2018-03-27T14:21:54.457",
    "LastModified": "2018-03-27T14:21:54.457"
  }
},
{
  "model": "catalog.product",
  "pk": 1,
  "fields": {
    "polymorphic_ctype": 10,
    "Name": "Toilet",
    "Description": "<p>This item is an individual product named Toilet.<p><p>Lorem ipsum dolor sit amet, consectetur adipisicing elit, sed do eiusmod tempor incididunt ut labore et dolore magna aliqua. Ut enim ad minim veniam, quis nostrud exercitation ullamco laboris nisi ut aliquip ex ea commodo consequat. Duis aute irure dolor in reprehenderit in voluptate velit esse cillum dolore eu fugiat nulla pariatur. Excepteur sint occaecat cupidatat non proident, sunt in culpa qui officia deserunt mollit anim id est laborum.</p>",
    "Category": 3,
    "Price": "461.55",
    "CreateDate": "2018-03-27T14:21:54.462",
    "LastModified": "2018-04-06T22:35:51.889",
    "Status": "A"
  }
},
{
  "model": "catalog.product",
  "pk": 2,
  "fields": {
    "polymorphic_ctype": 10,
    "Name": "Glass",
    "Description": "<p>This item is an individual product named Glass.<p><p>Lorem ipsum dolor sit amet, consectetur adipisicing elit, sed do eiusmod tempor incididunt ut labore et dolore magna aliqua. Ut enim ad minim veniam, quis nostrud exercitation ullamco laboris nisi ut aliquip ex ea commodo consequat. Duis aute irure dolor in reprehenderit in voluptate velit esse cillum dolore eu fugiat nulla pariatur. Excepteur sint occaecat cupidatat non proident, sunt in culpa qui officia deserunt mollit anim id est laborum.</p>",
    "Category": 2,
    "Price": "31.78",
    "CreateDate": "2018-03-27T14:21:54.485",
    "LastModified": "2018-03-27T14:21:54.770",
    "Status": "A"
  }
},
{
  "model": "catalog.product",
  "pk": 3,
  "fields": {
    "polymorphic_ctype": 10,
    "Name": "Sidewalk",
    "Description": "<p>This item is an individual product named Sidewalk.<p><p>Lorem ipsum dolor sit amet, consectetur adipisicing elit, sed do eiusmod tempor incididunt ut labore et dolore magna aliqua. Ut enim ad minim veniam, quis nostrud exercitation ullamco laboris nisi ut aliquip ex ea commodo consequat. Duis aute irure dolor in reprehenderit in voluptate velit esse cillum dolore eu fugiat nulla pariatur. Excepteur sint occaecat cupidatat non proident, sunt in culpa qui officia deserunt mollit anim id est laborum.</p>",
    "Category": 2,
    "Price": "78.30",
    "CreateDate": "2018-03-27T14:21:54.489",
    "LastModified": "2018-03-30T15:27:44.776",
    "Status": "A"
  }
},
{
  "model": "catalog.product",
  "pk": 4,
  "fields": {
    "polymorphic_ctype": 10,
    "Name": "Mirror",
    "Description": "<p>This item is an individual product named Mirror.<p><p>Lorem ipsum dolor sit amet, consectetur adipisicing elit, sed do eiusmod tempor incididunt ut labore et dolore magna aliqua. Ut enim ad minim veniam, quis nostrud exercitation ullamco laboris nisi ut aliquip ex ea commodo consequat. Duis aute irure dolor in reprehenderit in voluptate velit esse cillum dolore eu fugiat nulla pariatur. Excepteur sint occaecat cupidatat non proident, sunt in culpa qui officia deserunt mollit anim id est laborum.</p>",
    "Category": 5,
    "Price": "755.18",
    "CreateDate": "2018-03-27T14:21:54.494",
    "LastModified": "2018-03-27T14:21:54.798",
    "Status": "A"
  }
},
{
  "model": "catalog.product",
  "pk": 5,
  "fields": {
    "polymorphic_ctype": 10,
    "Name": "Photo Album",
    "Description": "<p>This item is an individual product named Photo Album.<p><p>Lorem ipsum dolor sit amet, consectetur adipisicing elit, sed do eiusmod tempor incididunt ut labore et dolore magna aliqua. Ut enim ad minim veniam, quis nostrud exercitation ullamco laboris nisi ut aliquip ex ea commodo consequat. Duis aute irure dolor in reprehenderit in voluptate velit esse cillum dolore eu fugiat nulla pariatur. Excepteur sint occaecat cupidatat non proident, sunt in culpa qui officia deserunt mollit anim id est laborum.</p>",
    "Category": 3,
    "Price": "470.19",
    "CreateDate": "2018-03-27T14:21:54.499",
    "LastModified": "2018-04-02T14:08:24.905",
    "Status": "A"
  }
},
{
  "model": "catalog.product",
  "pk": 6,
  "fields": {
    "polymorphic_ctype": 10,
    "Name": "Radio",
    "Description": "<p>This item is an individual product named Radio.<p><p>Lorem ipsum dolor sit amet, consectetur adipisicing elit, sed do eiusmod tempor incididunt ut labore et dolore magna aliqua. Ut enim ad minim veniam, quis nostrud exercitation ullamco laboris nisi ut aliquip ex ea commodo consequat. Duis aute irure dolor in reprehenderit in voluptate velit esse cillum dolore eu fugiat nulla pariatur. Excepteur sint occaecat cupidatat non proident, sunt in culpa qui officia deserunt mollit anim id est laborum.</p>",
    "Category": 5,
    "Price": "171.51",
    "CreateDate": "2018-03-27T14:21:54.505",
    "LastModified": "2018-03-27T14:21:54.825",
    "Status": "A"
  }
},
{
  "model": "catalog.product",
  "pk": 7,
  "fields": {
    "polymorphic_ctype": 10,
    "Name": "Stockings",
    "Description": "<p>This item is an individual product named Stockings.<p><p>Lorem ipsum dolor sit amet, consectetur adipisicing elit, sed do eiusmod tempor incididunt ut labore et dolore magna aliqua. Ut enim ad minim veniam, quis nostrud exercitation ullamco laboris nisi ut aliquip ex ea commodo consequat. Duis aute irure dolor in reprehenderit in voluptate velit esse cillum dolore eu fugiat nulla pariatur. Excepteur sint occaecat cupidatat non proident, sunt in culpa qui officia deserunt mollit anim id est laborum.</p>",
    "Category": 5,
    "Price": "954.16",
    "CreateDate": "2018-03-27T14:21:54.509",
    "LastModified": "2018-03-27T14:21:54.837",
    "Status": "A"
  }
},
{
  "model": "catalog.product",
  "pk": 8,
  "fields": {
    "polymorphic_ctype": 10,
    "Name": "Keyboard",
    "Description": "<p>This item is an individual product named Keyboard.<p><p>Lorem ipsum dolor sit amet, consectetur adipisicing elit, sed do eiusmod tempor incididunt ut labore et dolore magna aliqua. Ut enim ad minim veniam, quis nostrud exercitation ullamco laboris nisi ut aliquip ex ea commodo consequat. Duis aute irure dolor in reprehenderit in voluptate velit esse cillum dolore eu fugiat nulla pariatur. Excepteur sint occaecat cupidatat non proident, sunt in culpa qui officia deserunt mollit anim id est laborum.</p>",
    "Category": 3,
    "Price": "515.75",
    "CreateDate": "2018-03-27T14:21:54.512",
    "LastModified": "2018-03-27T14:21:54.843",
    "Status": "A"
  }
},
{
  "model": "catalog.product",
  "pk": 9,
  "fields": {
    "polymorphic_ctype": 10,
    "Name": "Fridge",
    "Description": "<p>This item is an individual product named Fridge.<p><p>Lorem ipsum dolor sit amet, consectetur adipisicing elit, sed do eiusmod tempor incididunt ut labore et dolore magna aliqua. Ut enim ad minim veniam, quis nostrud exercitation ullamco laboris nisi ut aliquip ex ea commodo consequat. Duis aute irure dolor in reprehenderit in voluptate velit esse cillum dolore eu fugiat nulla pariatur. Excepteur sint occaecat cupidatat non proident, sunt in culpa qui officia deserunt mollit anim id est laborum.</p>",
    "Category": 4,
    "Price": "915.00",
    "CreateDate": "2018-03-27T14:21:54.516",
    "LastModified": "2018-03-27T14:21:54.855",
    "Status": "A"
  }
},
{
  "model": "catalog.product",
  "pk": 10,
  "fields": {
    "polymorphic_ctype": 10,
    "Name": "Tv",
    "Description": "<p>This item is an individual product named Tv.<p><p>Lorem ipsum dolor sit amet, consectetur adipisicing elit, sed do eiusmod tempor incididunt ut labore et dolore magna aliqua. Ut enim ad minim veniam, quis nostrud exercitation ullamco laboris nisi ut aliquip ex ea commodo consequat. Duis aute irure dolor in reprehenderit in voluptate velit esse cillum dolore eu fugiat nulla pariatur. Excepteur sint occaecat cupidatat non proident, sunt in culpa qui officia deserunt mollit anim id est laborum.</p>",
    "Category": 2,
    "Price": "745.84",
    "CreateDate": "2018-03-27T14:21:54.519",
    "LastModified": "2018-03-27T14:21:54.861",
    "Status": "A"
  }
},
{
  "model": "catalog.product",
  "pk": 11,
  "fields": {
    "polymorphic_ctype": 10,
    "Name": "Spring",
    "Description": "<p>This item is an individual product named Spring.<p><p>Lorem ipsum dolor sit amet, consectetur adipisicing elit, sed do eiusmod tempor incididunt ut labore et dolore magna aliqua. Ut enim ad minim veniam, quis nostrud exercitation ullamco laboris nisi ut aliquip ex ea commodo consequat. Duis aute irure dolor in reprehenderit in voluptate velit esse cillum dolore eu fugiat nulla pariatur. Excepteur sint occaecat cupidatat non proident, sunt in culpa qui officia deserunt mollit anim id est laborum.</p>",
    "Category": 2,
    "Price": "369.38",
    "CreateDate": "2018-03-27T14:21:54.523",
    "LastModified": "2018-03-27T14:21:54.866",
    "Status": "A"
  }
},
{
  "model": "catalog.product",
  "pk": 12,
  "fields": {
    "polymorphic_ctype": 10,
    "Name": "Thermometer",
    "Description": "<p>This item is an individual product named Thermometer.<p><p>Lorem ipsum dolor sit amet, consectetur adipisicing elit, sed do eiusmod tempor incididunt ut labore et dolore magna aliqua. Ut enim ad minim veniam, quis nostrud exercitation ullamco laboris nisi ut aliquip ex ea commodo consequat. Duis aute irure dolor in reprehenderit in voluptate velit esse cillum dolore eu fugiat nulla pariatur. Excepteur sint occaecat cupidatat non proident, sunt in culpa qui officia deserunt mollit anim id est laborum.</p>",
    "Category": 1,
    "Price": "871.24",
    "CreateDate": "2018-03-27T14:21:54.527",
    "LastModified": "2018-04-06T22:55:54.943",
    "Status": "A"
  }
},
{
  "model": "catalog.product",
  "pk": 13,
  "fields": {
    "polymorphic_ctype": 10,
    "Name": "Packing Peanuts",
    "Description": "<p>This item is an individual product named Packing Peanuts.<p><p>Lorem ipsum dolor sit amet, consectetur adipisicing elit, sed do eiusmod tempor incididunt ut labore et dolore magna aliqua. Ut enim ad minim veniam, quis nostrud exercitation ullamco laboris nisi ut aliquip ex ea commodo consequat. Duis aute irure dolor in reprehenderit in voluptate velit esse cillum dolore eu fugiat nulla pariatur. Excepteur sint occaecat cupidatat non proident, sunt in culpa qui officia deserunt mollit anim id est laborum.</p>",
    "Category": 1,
    "Price": "802.24",
    "CreateDate": "2018-03-27T14:21:54.531",
    "LastModified": "2018-03-27T14:21:54.886",
    "Status": "A"
  }
},
{
  "model": "catalog.product",
  "pk": 14,
  "fields": {
    "polymorphic_ctype": 10,
    "Name": "Candle",
    "Description": "<p>This item is an individual product named Candle.<p><p>Lorem ipsum dolor sit amet, consectetur adipisicing elit, sed do eiusmod tempor incididunt ut labore et dolore magna aliqua. Ut enim ad minim veniam, quis nostrud exercitation ullamco laboris nisi ut aliquip ex ea commodo consequat. Duis aute irure dolor in reprehenderit in voluptate velit esse cillum dolore eu fugiat nulla pariatur. Excepteur sint occaecat cupidatat non proident, sunt in culpa qui officia deserunt mollit anim id est laborum.</p>",
    "Category": 2,
    "Price": "489.80",
    "CreateDate": "2018-03-27T14:21:54.534",
    "LastModified": "2018-03-27T14:21:54.898",
    "Status": "A"
  }
},
{
  "model": "catalog.product",
  "pk": 15,
  "fields": {
    "polymorphic_ctype": 10,
    "Name": "Rubber Band",
    "Description": "<p>This item is an individual product named Rubber Band.<p><p>Lorem ipsum dolor sit amet, consectetur adipisicing elit, sed do eiusmod tempor incididunt ut labore et dolore magna aliqua. Ut enim ad minim veniam, quis nostrud exercitation ullamco laboris nisi ut aliquip ex ea commodo consequat. Duis aute irure dolor in reprehenderit in voluptate velit esse cillum dolore eu fugiat nulla pariatur. Excepteur sint occaecat cupidatat non proident, sunt in culpa qui officia deserunt mollit anim id est laborum.</p>",
    "Category": 2,
    "Price": "633.97",
    "CreateDate": "2018-03-27T14:21:54.538",
    "LastModified": "2018-03-27T14:21:54.905",
    "Status": "A"
  }
},
{
  "model": "catalog.product",
  "pk": 16,
  "fields": {
    "polymorphic_ctype": 10,
    "Name": "Food",
    "Description": "<p>This item is an individual product named Food.<p><p>Lorem ipsum dolor sit amet, consectetur adipisicing elit, sed do eiusmod tempor incididunt ut labore et dolore magna aliqua. Ut enim ad minim veniam, quis nostrud exercitation ullamco laboris nisi ut aliquip ex ea commodo consequat. Duis aute irure dolor in reprehenderit in voluptate velit esse cillum dolore eu fugiat nulla pariatur. Excepteur sint occaecat cupidatat non proident, sunt in culpa qui officia deserunt mollit anim id est laborum.</p>",
    "Category": 1,
    "Price": "421.01",
    "CreateDate": "2018-03-27T14:21:54.541",
    "LastModified": "2018-03-27T14:21:54.918",
    "Status": "A"
  }
},
{
  "model": "catalog.product",
  "pk": 17,
  "fields": {
    "polymorphic_ctype": 10,
    "Name": "Shoes",
    "Description": "<p>This item is an individual product named Shoes.<p><p>Lorem ipsum dolor sit amet, consectetur adipisicing elit, sed do eiusmod tempor incididunt ut labore et dolore magna aliqua. Ut enim ad minim veniam, quis nostrud exercitation ullamco laboris nisi ut aliquip ex ea commodo consequat. Duis aute irure dolor in reprehenderit in voluptate velit esse cillum dolore eu fugiat nulla pariatur. Excepteur sint occaecat cupidatat non proident, sunt in culpa qui officia deserunt mollit anim id est laborum.</p>",
    "Category": 3,
    "Price": "92.99",
    "CreateDate": "2018-03-27T14:21:54.545",
    "LastModified": "2018-04-06T22:55:54.927",
    "Status": "A"
  }
},
{
  "model": "catalog.product",
  "pk": 18,
  "fields": {
    "polymorphic_ctype": 10,
    "Name": "Washing Machine",
    "Description": "<p>This item is an individual product named Washing Machine.<p><p>Lorem ipsum dolor sit amet, consectetur adipisicing elit, sed do eiusmod tempor incididunt ut labore et dolore magna aliqua. Ut enim ad minim veniam, quis nostrud exercitation ullamco laboris nisi ut aliquip ex ea commodo consequat. Duis aute irure dolor in reprehenderit in voluptate velit esse cillum dolore eu fugiat nulla pariatur. Excepteur sint occaecat cupidatat non proident, sunt in culpa qui officia deserunt mollit anim id est laborum.</p>",
    "Category": 1,
    "Price": "595.20",
    "CreateDate": "2018-03-27T14:21:54.549",
    "LastModified": "2018-03-27T14:21:54.940",
    "Status": "A"
  }
},
{
  "model": "catalog.product",
  "pk": 19,
  "fields": {
    "polymorphic_ctype": 10,
    "Name": "Speakers",
    "Description": "<p>This item is an individual product named Speakers.<p><p>Lorem ipsum dolor sit amet, consectetur adipisicing elit, sed do eiusmod tempor incididunt ut labore et dolore magna aliqua. Ut enim ad minim veniam, quis nostrud exercitation ullamco laboris nisi ut aliquip ex ea commodo consequat. Duis aute irure dolor in reprehenderit in voluptate velit esse cillum dolore eu fugiat nulla pariatur. Excepteur sint occaecat cupidatat non proident, sunt in culpa qui officia deserunt mollit anim id est laborum.</p>",
    "Category": 3,
    "Price": "656.22",
    "CreateDate": "2018-03-27T14:21:54.552",
    "LastModified": "2018-03-27T14:21:54.949",
    "Status": "A"
  }
},
{
  "model": "catalog.product",
  "pk": 20,
  "fields": {
    "polymorphic_ctype": 10,
    "Name": "Toothbrush",
    "Description": "<p>This item is an individual product named Toothbrush.<p><p>Lorem ipsum dolor sit amet, consectetur adipisicing elit, sed do eiusmod tempor incididunt ut labore et dolore magna aliqua. Ut enim ad minim veniam, quis nostrud exercitation ullamco laboris nisi ut aliquip ex ea commodo consequat. Duis aute irure dolor in reprehenderit in voluptate velit esse cillum dolore eu fugiat nulla pariatur. Excepteur sint occaecat cupidatat non proident, sunt in culpa qui officia deserunt mollit anim id est laborum.</p>",
    "Category": 2,
    "Price": "456.54",
    "CreateDate": "2018-03-27T14:21:54.556",
    "LastModified": "2018-04-06T22:17:23.332",
    "Status": "A"
  }
},
{
  "model": "catalog.product",
  "pk": 21,
  "fields": {
    "polymorphic_ctype": 10,
    "Name": "Chair",
    "Description": "<p>This item is an individual product named Chair.<p><p>Lorem ipsum dolor sit amet, consectetur adipisicing elit, sed do eiusmod tempor incididunt ut labore et dolore magna aliqua. Ut enim ad minim veniam, quis nostrud exercitation ullamco laboris nisi ut aliquip ex ea commodo consequat. Duis aute irure dolor in reprehenderit in voluptate velit esse cillum dolore eu fugiat nulla pariatur. Excepteur sint occaecat cupidatat non proident, sunt in culpa qui officia deserunt mollit anim id est laborum.</p>",
    "Category": 2,
    "Price": "511.49",
    "CreateDate": "2018-03-27T14:21:54.559",
    "LastModified": "2018-03-27T14:21:54.974",
    "Status": "A"
  }
},
{
  "model": "catalog.product",
  "pk": 22,
  "fields": {
    "polymorphic_ctype": 10,
    "Name": "Candy Wrapper",
    "Description": "<p>This item is an individual product named Candy Wrapper.<p><p>Lorem ipsum dolor sit amet, consectetur adipisicing elit, sed do eiusmod tempor incididunt ut labore et dolore magna aliqua. Ut enim ad minim veniam, quis nostrud exercitation ullamco laboris nisi ut aliquip ex ea commodo consequat. Duis aute irure dolor in reprehenderit in voluptate velit esse cillum dolore eu fugiat nulla pariatur. Excepteur sint occaecat cupidatat non proident, sunt in culpa qui officia deserunt mollit anim id est laborum.</p>",
    "Category": 2,
    "Price": "550.11",
    "CreateDate": "2018-03-27T14:21:54.563",
    "LastModified": "2018-03-27T14:21:54.988",
    "Status": "A"
  }
},
{
  "model": "catalog.product",
  "pk": 23,
  "fields": {
    "polymorphic_ctype": 10,
    "Name": "White Out",
    "Description": "<p>This item is an individual product named White Out.<p><p>Lorem ipsum dolor sit amet, consectetur adipisicing elit, sed do eiusmod tempor incididunt ut labore et dolore magna aliqua. Ut enim ad minim veniam, quis nostrud exercitation ullamco laboris nisi ut aliquip ex ea commodo consequat. Duis aute irure dolor in reprehenderit in voluptate velit esse cillum dolore eu fugiat nulla pariatur. Excepteur sint occaecat cupidatat non proident, sunt in culpa qui officia deserunt mollit anim id est laborum.</p>",
    "Category": 1,
    "Price": "155.87",
    "CreateDate": "2018-03-27T14:21:54.567",
    "LastModified": "2018-03-27T14:21:55.002",
    "Status": "A"
  }
},
{
  "model": "catalog.product",
  "pk": 24,
  "fields": {
    "polymorphic_ctype": 10,
    "Name": "Lotion",
    "Description": "<p>This item is an individual product named Lotion.<p><p>Lorem ipsum dolor sit amet, consectetur adipisicing elit, sed do eiusmod tempor incididunt ut labore et dolore magna aliqua. Ut enim ad minim veniam, quis nostrud exercitation ullamco laboris nisi ut aliquip ex ea commodo consequat. Duis aute irure dolor in reprehenderit in voluptate velit esse cillum dolore eu fugiat nulla pariatur. Excepteur sint occaecat cupidatat non proident, sunt in culpa qui officia deserunt mollit anim id est laborum.</p>",
    "Category": 3,
    "Price": "656.83",
    "CreateDate": "2018-03-27T14:21:54.570",
    "LastModified": "2018-03-27T14:21:55.013",
    "Status": "A"
  }
},
{
  "model": "catalog.product",
  "pk": 25,
  "fields": {
    "polymorphic_ctype": 12,
    "Name": "Fake Flowers",
    "Description": "<p>This item is an individual product named Fake Flowers.<p><p>Lorem ipsum dolor sit amet, consectetur adipisicing elit, sed do eiusmod tempor incididunt ut labore et dolore magna aliqua. Ut enim ad minim veniam, quis nostrud exercitation ullamco laboris nisi ut aliquip ex ea commodo consequat. Duis aute irure dolor in reprehenderit in voluptate velit esse cillum dolore eu fugiat nulla pariatur. Excepteur sint occaecat cupidatat non proident, sunt in culpa qui officia deserunt mollit anim id est laborum.</p>",
    "Category": 3,
    "Price": "922.06",
    "CreateDate": "2018-03-27T14:21:54.574",
    "LastModified": "2018-03-27T14:21:55.030",
    "Status": "A"
  }
},
{
  "model": "catalog.product",
  "pk": 26,
  "fields": {
    "polymorphic_ctype": 12,
    "Name": "Bottle Cap",
    "Description": "<p>This item is an individual product named Bottle Cap.<p><p>Lorem ipsum dolor sit amet, consectetur adipisicing elit, sed do eiusmod tempor incididunt ut labore et dolore magna aliqua. Ut enim ad minim veniam, quis nostrud exercitation ullamco laboris nisi ut aliquip ex ea commodo consequat. Duis aute irure dolor in reprehenderit in voluptate velit esse cillum dolore eu fugiat nulla pariatur. Excepteur sint occaecat cupidatat non proident, sunt in culpa qui officia deserunt mollit anim id est laborum.</p>",
    "Category": 5,
    "Price": "967.57",
    "CreateDate": "2018-03-27T14:21:54.578",
    "LastModified": "2018-03-27T14:21:55.044",
    "Status": "A"
  }
},
{
  "model": "catalog.product",
  "pk": 27,
  "fields": {
    "polymorphic_ctype": 12,
    "Name": "Newspaper",
    "Description": "<p>This item is an individual product named Newspaper.<p><p>Lorem ipsum dolor sit amet, consectetur adipisicing elit, sed do eiusmod tempor incididunt ut labore et dolore magna aliqua. Ut enim ad minim veniam, quis nostrud exercitation ullamco laboris nisi ut aliquip ex ea commodo consequat. Duis aute irure dolor in reprehenderit in voluptate velit esse cillum dolore eu fugiat nulla pariatur. Excepteur sint occaecat cupidatat non proident, sunt in culpa qui officia deserunt mollit anim id est laborum.</p>",
    "Category": 5,
    "Price": "912.95",
    "CreateDate": "2018-03-27T14:21:54.582",
    "LastModified": "2018-03-27T14:21:55.075",
    "Status": "A"
  }
},
{
  "model": "catalog.product",
  "pk": 28,
  "fields": {
    "polymorphic_ctype": 12,
    "Name": "Playing Card",
    "Description": "<p>This item is an individual product named Playing Card.<p><p>Lorem ipsum dolor sit amet, consectetur adipisicing elit, sed do eiusmod tempor incididunt ut labore et dolore magna aliqua. Ut enim ad minim veniam, quis nostrud exercitation ullamco laboris nisi ut aliquip ex ea commodo consequat. Duis aute irure dolor in reprehenderit in voluptate velit esse cillum dolore eu fugiat nulla pariatur. Excepteur sint occaecat cupidatat non proident, sunt in culpa qui officia deserunt mollit anim id est laborum.</p>",
    "Category": 2,
    "Price": "776.97",
    "CreateDate": "2018-03-27T14:21:54.585",
    "LastModified": "2018-03-30T15:34:54.869",
    "Status": "I"
  }
},
{
  "model": "catalog.product",
  "pk": 29,
  "fields": {
    "polymorphic_ctype": 12,
    "Name": "Pool Stick",
    "Description": "<p>This item is an individual product named Pool Stick.<p><p>Lorem ipsum dolor sit amet, consectetur adipisicing elit, sed do eiusmod tempor incididunt ut labore et dolore magna aliqua. Ut enim ad minim veniam, quis nostrud exercitation ullamco laboris nisi ut aliquip ex ea commodo consequat. Duis aute irure dolor in reprehenderit in voluptate velit esse cillum dolore eu fugiat nulla pariatur. Excepteur sint occaecat cupidatat non proident, sunt in culpa qui officia deserunt mollit anim id est laborum.</p>",
    "Category": 3,
    "Price": "665.76",
    "CreateDate": "2018-03-27T14:21:54.590",
    "LastModified": "2018-03-27T14:21:55.095",
    "Status": "A"
  }
},
{
  "model": "catalog.product",
  "pk": 30,
  "fields": {
    "polymorphic_ctype": 12,
    "Name": "Bananas",
    "Description": "<p>This item is an individual product named Bananas.<p><p>Lorem ipsum dolor sit amet, consectetur adipisicing elit, sed do eiusmod tempor incididunt ut labore et dolore magna aliqua. Ut enim ad minim veniam, quis nostrud exercitation ullamco laboris nisi ut aliquip ex ea commodo consequat. Duis aute irure dolor in reprehenderit in voluptate velit esse cillum dolore eu fugiat nulla pariatur. Excepteur sint occaecat cupidatat non proident, sunt in culpa qui officia deserunt mollit anim id est laborum.</p>",
    "Category": 2,
    "Price": "619.73",
    "CreateDate": "2018-03-27T14:21:54.593",
    "LastModified": "2018-03-27T14:21:55.108",
    "Status": "A"
  }
},
{
  "model": "catalog.product",
  "pk": 31,
  "fields": {
    "polymorphic_ctype": 12,
    "Name": "Earser",
    "Description": "<p>This item is an individual product named Earser.<p><p>Lorem ipsum dolor sit amet, consectetur adipisicing elit, sed do eiusmod tempor incididunt ut labore et dolore magna aliqua. Ut enim ad minim veniam, quis nostrud exercitation ullamco laboris nisi ut aliquip ex ea commodo consequat. Duis aute irure dolor in reprehenderit in voluptate velit esse cillum dolore eu fugiat nulla pariatur. Excepteur sint occaecat cupidatat non proident, sunt in culpa qui officia deserunt mollit anim id est laborum.</p>",
    "Category": 2,
    "Price": "377.44",
    "CreateDate": "2018-03-27T14:21:54.598",
    "LastModified": "2018-03-27T14:21:55.120",
    "Status": "A"
  }
},
{
  "model": "catalog.product",
  "pk": 32,
  "fields": {
    "polymorphic_ctype": 12,
    "Name": "Puddle",
    "Description": "<p>This item is an individual product named Puddle.<p><p>Lorem ipsum dolor sit amet, consectetur adipisicing elit, sed do eiusmod tempor incididunt ut labore et dolore magna aliqua. Ut enim ad minim veniam, quis nostrud exercitation ullamco laboris nisi ut aliquip ex ea commodo consequat. Duis aute irure dolor in reprehenderit in voluptate velit esse cillum dolore eu fugiat nulla pariatur. Excepteur sint occaecat cupidatat non proident, sunt in culpa qui officia deserunt mollit anim id est laborum.</p>",
    "Category": 1,
    "Price": "143.32",
    "CreateDate": "2018-03-27T14:21:54.602",
    "LastModified": "2018-03-27T14:21:55.128",
    "Status": "A"
  }
},
{
  "model": "catalog.product",
  "pk": 33,
  "fields": {
    "polymorphic_ctype": 12,
    "Name": "Conditioner",
    "Description": "<p>This item is an individual product named Conditioner.<p><p>Lorem ipsum dolor sit amet, consectetur adipisicing elit, sed do eiusmod tempor incididunt ut labore et dolore magna aliqua. Ut enim ad minim veniam, quis nostrud exercitation ullamco laboris nisi ut aliquip ex ea commodo consequat. Duis aute irure dolor in reprehenderit in voluptate velit esse cillum dolore eu fugiat nulla pariatur. Excepteur sint occaecat cupidatat non proident, sunt in culpa qui officia deserunt mollit anim id est laborum.</p>",
    "Category": 1,
    "Price": "553.05",
    "CreateDate": "2018-03-27T14:21:54.606",
    "LastModified": "2018-03-27T14:21:55.135",
    "Status": "A"
  }
},
{
  "model": "catalog.product",
  "pk": 34,
  "fields": {
    "polymorphic_ctype": 12,
    "Name": "Bowl",
    "Description": "<p>This item is an individual product named Bowl.<p><p>Lorem ipsum dolor sit amet, consectetur adipisicing elit, sed do eiusmod tempor incididunt ut labore et dolore magna aliqua. Ut enim ad minim veniam, quis nostrud exercitation ullamco laboris nisi ut aliquip ex ea commodo consequat. Duis aute irure dolor in reprehenderit in voluptate velit esse cillum dolore eu fugiat nulla pariatur. Excepteur sint occaecat cupidatat non proident, sunt in culpa qui officia deserunt mollit anim id est laborum.</p>",
    "Category": 1,
    "Price": "791.24",
    "CreateDate": "2018-03-27T14:21:54.609",
    "LastModified": "2018-03-27T14:21:55.145",
    "Status": "A"
  }
},
{
  "model": "catalog.product",
  "pk": 35,
  "fields": {
    "polymorphic_ctype": 12,
    "Name": "Piano",
    "Description": "<p>This item is an individual product named Piano.<p><p>Lorem ipsum dolor sit amet, consectetur adipisicing elit, sed do eiusmod tempor incididunt ut labore et dolore magna aliqua. Ut enim ad minim veniam, quis nostrud exercitation ullamco laboris nisi ut aliquip ex ea commodo consequat. Duis aute irure dolor in reprehenderit in voluptate velit esse cillum dolore eu fugiat nulla pariatur. Excepteur sint occaecat cupidatat non proident, sunt in culpa qui officia deserunt mollit anim id est laborum.</p>",
    "Category": 4,
    "Price": "522.87",
    "CreateDate": "2018-03-27T14:21:54.612",
    "LastModified": "2018-04-06T22:27:30.176",
    "Status": "I"
  }
},
{
  "model": "catalog.product",
  "pk": 36,
  "fields": {
    "polymorphic_ctype": 12,
    "Name": "Key Chain",
    "Description": "<p>This item is an individual product named Key Chain.<p><p>Lorem ipsum dolor sit amet, consectetur adipisicing elit, sed do eiusmod tempor incididunt ut labore et dolore magna aliqua. Ut enim ad minim veniam, quis nostrud exercitation ullamco laboris nisi ut aliquip ex ea commodo consequat. Duis aute irure dolor in reprehenderit in voluptate velit esse cillum dolore eu fugiat nulla pariatur. Excepteur sint occaecat cupidatat non proident, sunt in culpa qui officia deserunt mollit anim id est laborum.</p>",
    "Category": 5,
    "Price": "170.60",
    "CreateDate": "2018-03-27T14:21:54.616",
    "LastModified": "2018-03-27T14:21:55.172",
    "Status": "A"
  }
},
{
  "model": "catalog.product",
  "pk": 37,
  "fields": {
    "polymorphic_ctype": 12,
    "Name": "Picture Frame",
    "Description": "<p>This item is an individual product named Picture Frame.<p><p>Lorem ipsum dolor sit amet, consectetur adipisicing elit, sed do eiusmod tempor incididunt ut labore et dolore magna aliqua. Ut enim ad minim veniam, quis nostrud exercitation ullamco laboris nisi ut aliquip ex ea commodo consequat. Duis aute irure dolor in reprehenderit in voluptate velit esse cillum dolore eu fugiat nulla pariatur. Excepteur sint occaecat cupidatat non proident, sunt in culpa qui officia deserunt mollit anim id est laborum.</p>",
    "Category": 1,
    "Price": "128.33",
    "CreateDate": "2018-03-27T14:21:54.620",
    "LastModified": "2018-03-27T14:21:55.178",
    "Status": "A"
  }
},
{
  "model": "catalog.product",
  "pk": 38,
  "fields": {
    "polymorphic_ctype": 12,
    "Name": "Floor",
    "Description": "<p>This item is an individual product named Floor.<p><p>Lorem ipsum dolor sit amet, consectetur adipisicing elit, sed do eiusmod tempor incididunt ut labore et dolore magna aliqua. Ut enim ad minim veniam, quis nostrud exercitation ullamco laboris nisi ut aliquip ex ea commodo consequat. Duis aute irure dolor in reprehenderit in voluptate velit esse cillum dolore eu fugiat nulla pariatur. Excepteur sint occaecat cupidatat non proident, sunt in culpa qui officia deserunt mollit anim id est laborum.</p>",
    "Category": 5,
    "Price": "773.29",
    "CreateDate": "2018-03-27T14:21:54.623",
    "LastModified": "2018-03-27T14:21:55.192",
    "Status": "A"
  }
},
{
  "model": "catalog.product",
  "pk": 39,
  "fields": {
    "polymorphic_ctype": 12,
    "Name": "Button",
    "Description": "<p>This item is an individual product named Button.<p><p>Lorem ipsum dolor sit amet, consectetur adipisicing elit, sed do eiusmod tempor incididunt ut labore et dolore magna aliqua. Ut enim ad minim veniam, quis nostrud exercitation ullamco laboris nisi ut aliquip ex ea commodo consequat. Duis aute irure dolor in reprehenderit in voluptate velit esse cillum dolore eu fugiat nulla pariatur. Excepteur sint occaecat cupidatat non proident, sunt in culpa qui officia deserunt mollit anim id est laborum.</p>",
    "Category": 1,
    "Price": "242.21",
    "CreateDate": "2018-03-27T14:21:54.627",
    "LastModified": "2018-03-27T14:21:55.205",
    "Status": "A"
  }
},
{
  "model": "catalog.product",
  "pk": 40,
  "fields": {
    "polymorphic_ctype": 12,
    "Name": "Apple",
    "Description": "<p>This item is an individual product named Apple.<p><p>Lorem ipsum dolor sit amet, consectetur adipisicing elit, sed do eiusmod tempor incididunt ut labore et dolore magna aliqua. Ut enim ad minim veniam, quis nostrud exercitation ullamco laboris nisi ut aliquip ex ea commodo consequat. Duis aute irure dolor in reprehenderit in voluptate velit esse cillum dolore eu fugiat nulla pariatur. Excepteur sint occaecat cupidatat non proident, sunt in culpa qui officia deserunt mollit anim id est laborum.</p>",
    "Category": 4,
    "Price": "232.34",
    "CreateDate": "2018-03-27T14:21:54.630",
    "LastModified": "2018-03-27T14:21:55.219",
    "Status": "A"
  }
},
{
  "model": "catalog.product",
  "pk": 41,
  "fields": {
    "polymorphic_ctype": 12,
    "Name": "Grid Paper",
    "Description": "<p>This item is an individual product named Grid Paper.<p><p>Lorem ipsum dolor sit amet, consectetur adipisicing elit, sed do eiusmod tempor incididunt ut labore et dolore magna aliqua. Ut enim ad minim veniam, quis nostrud exercitation ullamco laboris nisi ut aliquip ex ea commodo consequat. Duis aute irure dolor in reprehenderit in voluptate velit esse cillum dolore eu fugiat nulla pariatur. Excepteur sint occaecat cupidatat non proident, sunt in culpa qui officia deserunt mollit anim id est laborum.</p>",
    "Category": 2,
    "Price": "509.90",
    "CreateDate": "2018-03-27T14:21:54.634",
    "LastModified": "2018-03-27T14:21:55.226",
    "Status": "A"
  }
},
{
  "model": "catalog.product",
  "pk": 42,
  "fields": {
    "polymorphic_ctype": 12,
    "Name": "Coasters",
    "Description": "<p>This item is an individual product named Coasters.<p><p>Lorem ipsum dolor sit amet, consectetur adipisicing elit, sed do eiusmod tempor incididunt ut labore et dolore magna aliqua. Ut enim ad minim veniam, quis nostrud exercitation ullamco laboris nisi ut aliquip ex ea commodo consequat. Duis aute irure dolor in reprehenderit in voluptate velit esse cillum dolore eu fugiat nulla pariatur. Excepteur sint occaecat cupidatat non proident, sunt in culpa qui officia deserunt mollit anim id est laborum.</p>",
    "Category": 3,
    "Price": "978.66",
    "CreateDate": "2018-03-27T14:21:54.638",
    "LastModified": "2018-04-06T22:55:54.936",
    "Status": "I"
  }
},
{
  "model": "catalog.product",
  "pk": 43,
  "fields": {
    "polymorphic_ctype": 12,
    "Name": "Toilet",
    "Description": "<p>This item is an individual product named Toilet.<p><p>Lorem ipsum dolor sit amet, consectetur adipisicing elit, sed do eiusmod tempor incididunt ut labore et dolore magna aliqua. Ut enim ad minim veniam, quis nostrud exercitation ullamco laboris nisi ut aliquip ex ea commodo consequat. Duis aute irure dolor in reprehenderit in voluptate velit esse cillum dolore eu fugiat nulla pariatur. Excepteur sint occaecat cupidatat non proident, sunt in culpa qui officia deserunt mollit anim id est laborum.</p>",
    "Category": 5,
    "Price": "518.13",
    "CreateDate": "2018-03-27T14:21:54.641",
    "LastModified": "2018-03-27T14:21:55.255",
    "Status": "A"
  }
},
{
  "model": "catalog.product",
  "pk": 44,
  "fields": {
    "polymorphic_ctype": 12,
    "Name": "Mp3 Player",
    "Description": "<p>This item is an individual product named Mp3 Player.<p><p>Lorem ipsum dolor sit amet, consectetur adipisicing elit, sed do eiusmod tempor incididunt ut labore et dolore magna aliqua. Ut enim ad minim veniam, quis nostrud exercitation ullamco laboris nisi ut aliquip ex ea commodo consequat. Duis aute irure dolor in reprehenderit in voluptate velit esse cillum dolore eu fugiat nulla pariatur. Excepteur sint occaecat cupidatat non proident, sunt in culpa qui officia deserunt mollit anim id est laborum.</p>",
    "Category": 3,
    "Price": "399.53",
    "CreateDate": "2018-03-27T14:21:54.645",
    "LastModified": "2018-03-27T14:21:55.262",
    "Status": "A"
  }
},
{
  "model": "catalog.product",
  "pk": 45,
  "fields": {
    "polymorphic_ctype": 12,
    "Name": "Magnet",
    "Description": "<p>This item is an individual product named Magnet.<p><p>Lorem ipsum dolor sit amet, consectetur adipisicing elit, sed do eiusmod tempor incididunt ut labore et dolore magna aliqua. Ut enim ad minim veniam, quis nostrud exercitation ullamco laboris nisi ut aliquip ex ea commodo consequat. Duis aute irure dolor in reprehenderit in voluptate velit esse cillum dolore eu fugiat nulla pariatur. Excepteur sint occaecat cupidatat non proident, sunt in culpa qui officia deserunt mollit anim id est laborum.</p>",
    "Category": 3,
    "Price": "35.56",
    "CreateDate": "2018-03-27T14:21:54.648",
    "LastModified": "2018-03-27T14:21:55.277",
    "Status": "A"
  }
},
{
  "model": "catalog.product",
  "pk": 46,
  "fields": {
    "polymorphic_ctype": 12,
    "Name": "Mirror",
    "Description": "<p>This item is an individual product named Mirror.<p><p>Lorem ipsum dolor sit amet, consectetur adipisicing elit, sed do eiusmod tempor incididunt ut labore et dolore magna aliqua. Ut enim ad minim veniam, quis nostrud exercitation ullamco laboris nisi ut aliquip ex ea commodo consequat. Duis aute irure dolor in reprehenderit in voluptate velit esse cillum dolore eu fugiat nulla pariatur. Excepteur sint occaecat cupidatat non proident, sunt in culpa qui officia deserunt mollit anim id est laborum.</p>",
    "Category": 2,
    "Price": "407.87",
    "CreateDate": "2018-03-27T14:21:54.652",
    "LastModified": "2018-03-27T14:21:55.286",
    "Status": "A"
  }
},
{
  "model": "catalog.product",
  "pk": 47,
  "fields": {
    "polymorphic_ctype": 12,
    "Name": "Cookie Jar",
    "Description": "<p>This item is an individual product named Cookie Jar.<p><p>Lorem ipsum dolor sit amet, consectetur adipisicing elit, sed do eiusmod tempor incididunt ut labore et dolore magna aliqua. Ut enim ad minim veniam, quis nostrud exercitation ullamco laboris nisi ut aliquip ex ea commodo consequat. Duis aute irure dolor in reprehenderit in voluptate velit esse cillum dolore eu fugiat nulla pariatur. Excepteur sint occaecat cupidatat non proident, sunt in culpa qui officia deserunt mollit anim id est laborum.</p>",
    "Category": 5,
    "Price": "323.67",
    "CreateDate": "2018-03-27T14:21:54.655",
    "LastModified": "2018-03-27T14:21:55.295",
    "Status": "A"
  }
},
{
  "model": "catalog.product",
  "pk": 48,
  "fields": {
    "polymorphic_ctype": 12,
    "Name": "Computer",
    "Description": "<p>This item is an individual product named Computer.<p><p>Lorem ipsum dolor sit amet, consectetur adipisicing elit, sed do eiusmod tempor incididunt ut labore et dolore magna aliqua. Ut enim ad minim veniam, quis nostrud exercitation ullamco laboris nisi ut aliquip ex ea commodo consequat. Duis aute irure dolor in reprehenderit in voluptate velit esse cillum dolore eu fugiat nulla pariatur. Excepteur sint occaecat cupidatat non proident, sunt in culpa qui officia deserunt mollit anim id est laborum.</p>",
    "Category": 4,
    "Price": "954.95",
    "CreateDate": "2018-03-27T14:21:54.659",
    "LastModified": "2018-03-27T14:21:55.307",
    "Status": "A"
  }
},
{
  "model": "catalog.product",
  "pk": 49,
  "fields": {
    "polymorphic_ctype": 11,
    "Name": "Rug",
    "Description": "<p>This item is an individual product named Rug.<p><p>Lorem ipsum dolor sit amet, consectetur adipisicing elit, sed do eiusmod tempor incididunt ut labore et dolore magna aliqua. Ut enim ad minim veniam, quis nostrud exercitation ullamco laboris nisi ut aliquip ex ea commodo consequat. Duis aute irure dolor in reprehenderit in voluptate velit esse cillum dolore eu fugiat nulla pariatur. Excepteur sint occaecat cupidatat non proident, sunt in culpa qui officia deserunt mollit anim id est laborum.</p>",
    "Category": 4,
    "Price": "141.62",
    "CreateDate": "2018-03-27T14:21:54.662",
    "LastModified": "2018-03-27T14:21:55.315",
    "Status": "A"
  }
},
{
  "model": "catalog.product",
  "pk": 50,
  "fields": {
    "polymorphic_ctype": 11,
    "Name": "Sun Glasses",
    "Description": "<p>This item is an individual product named Sun Glasses.<p><p>Lorem ipsum dolor sit amet, consectetur adipisicing elit, sed do eiusmod tempor incididunt ut labore et dolore magna aliqua. Ut enim ad minim veniam, quis nostrud exercitation ullamco laboris nisi ut aliquip ex ea commodo consequat. Duis aute irure dolor in reprehenderit in voluptate velit esse cillum dolore eu fugiat nulla pariatur. Excepteur sint occaecat cupidatat non proident, sunt in culpa qui officia deserunt mollit anim id est laborum.</p>",
    "Category": 2,
    "Price": "904.06",
    "CreateDate": "2018-03-27T14:21:54.666",
    "LastModified": "2018-03-27T14:21:55.329",
    "Status": "A"
  }
},
{
  "model": "catalog.product",
  "pk": 51,
  "fields": {
    "polymorphic_ctype": 11,
    "Name": "Socks",
    "Description": "<p>This item is an individual product named Socks.<p><p>Lorem ipsum dolor sit amet, consectetur adipisicing elit, sed do eiusmod tempor incididunt ut labore et dolore magna aliqua. Ut enim ad minim veniam, quis nostrud exercitation ullamco laboris nisi ut aliquip ex ea commodo consequat. Duis aute irure dolor in reprehenderit in voluptate velit esse cillum dolore eu fugiat nulla pariatur. Excepteur sint occaecat cupidatat non proident, sunt in culpa qui officia deserunt mollit anim id est laborum.</p>",
    "Category": 5,
    "Price": "547.72",
    "CreateDate": "2018-03-27T14:21:54.670",
    "LastModified": "2018-03-27T14:21:55.335",
    "Status": "A"
  }
},
{
  "model": "catalog.product",
  "pk": 52,
  "fields": {
    "polymorphic_ctype": 11,
    "Name": "Fridge",
    "Description": "<p>This item is an individual product named Fridge.<p><p>Lorem ipsum dolor sit amet, consectetur adipisicing elit, sed do eiusmod tempor incididunt ut labore et dolore magna aliqua. Ut enim ad minim veniam, quis nostrud exercitation ullamco laboris nisi ut aliquip ex ea commodo consequat. Duis aute irure dolor in reprehenderit in voluptate velit esse cillum dolore eu fugiat nulla pariatur. Excepteur sint occaecat cupidatat non proident, sunt in culpa qui officia deserunt mollit anim id est laborum.</p>",
    "Category": 4,
    "Price": "180.00",
    "CreateDate": "2018-03-27T14:21:54.673",
    "LastModified": "2018-03-27T14:21:55.343",
    "Status": "A"
  }
},
{
  "model": "catalog.product",
  "pk": 53,
  "fields": {
    "polymorphic_ctype": 11,
    "Name": "Tv",
    "Description": "<p>This item is an individual product named Tv.<p><p>Lorem ipsum dolor sit amet, consectetur adipisicing elit, sed do eiusmod tempor incididunt ut labore et dolore magna aliqua. Ut enim ad minim veniam, quis nostrud exercitation ullamco laboris nisi ut aliquip ex ea commodo consequat. Duis aute irure dolor in reprehenderit in voluptate velit esse cillum dolore eu fugiat nulla pariatur. Excepteur sint occaecat cupidatat non proident, sunt in culpa qui officia deserunt mollit anim id est laborum.</p>",
    "Category": 5,
    "Price": "450.99",
    "CreateDate": "2018-03-27T14:21:54.677",
    "LastModified": "2018-03-27T14:21:55.349",
    "Status": "A"
  }
},
{
  "model": "catalog.product",
  "pk": 54,
  "fields": {
    "polymorphic_ctype": 11,
    "Name": "Street Lights",
    "Description": "<p>This item is an individual product named Street Lights.<p><p>Lorem ipsum dolor sit amet, consectetur adipisicing elit, sed do eiusmod tempor incididunt ut labore et dolore magna aliqua. Ut enim ad minim veniam, quis nostrud exercitation ullamco laboris nisi ut aliquip ex ea commodo consequat. Duis aute irure dolor in reprehenderit in voluptate velit esse cillum dolore eu fugiat nulla pariatur. Excepteur sint occaecat cupidatat non proident, sunt in culpa qui officia deserunt mollit anim id est laborum.</p>",
    "Category": 2,
    "Price": "142.91",
    "CreateDate": "2018-03-27T14:21:54.681",
    "LastModified": "2018-03-27T14:21:55.363",
    "Status": "A"
  }
},
{
  "model": "catalog.product",
  "pk": 55,
  "fields": {
    "polymorphic_ctype": 11,
    "Name": "Couch",
    "Description": "<p>This item is an individual product named Couch.<p><p>Lorem ipsum dolor sit amet, consectetur adipisicing elit, sed do eiusmod tempor incididunt ut labore et dolore magna aliqua. Ut enim ad minim veniam, quis nostrud exercitation ullamco laboris nisi ut aliquip ex ea commodo consequat. Duis aute irure dolor in reprehenderit in voluptate velit esse cillum dolore eu fugiat nulla pariatur. Excepteur sint occaecat cupidatat non proident, sunt in culpa qui officia deserunt mollit anim id est laborum.</p>",
    "Category": 2,
    "Price": "355.31",
    "CreateDate": "2018-03-27T14:21:54.684",
    "LastModified": "2018-03-27T14:21:55.374",
    "Status": "A"
  }
},
{
  "model": "catalog.product",
  "pk": 56,
  "fields": {
    "polymorphic_ctype": 11,
    "Name": "Rubber Band",
    "Description": "<p>This item is an individual product named Rubber Band.<p><p>Lorem ipsum dolor sit amet, consectetur adipisicing elit, sed do eiusmod tempor incididunt ut labore et dolore magna aliqua. Ut enim ad minim veniam, quis nostrud exercitation ullamco laboris nisi ut aliquip ex ea commodo consequat. Duis aute irure dolor in reprehenderit in voluptate velit esse cillum dolore eu fugiat nulla pariatur. Excepteur sint occaecat cupidatat non proident, sunt in culpa qui officia deserunt mollit anim id est laborum.</p>",
    "Category": 2,
    "Price": "156.43",
    "CreateDate": "2018-03-27T14:21:54.687",
    "LastModified": "2018-03-27T14:21:55.387",
    "Status": "A"
  }
},
{
  "model": "catalog.product",
  "pk": 57,
  "fields": {
    "polymorphic_ctype": 11,
    "Name": "Bread",
    "Description": "<p>This item is an individual product named Bread.<p><p>Lorem ipsum dolor sit amet, consectetur adipisicing elit, sed do eiusmod tempor incididunt ut labore et dolore magna aliqua. Ut enim ad minim veniam, quis nostrud exercitation ullamco laboris nisi ut aliquip ex ea commodo consequat. Duis aute irure dolor in reprehenderit in voluptate velit esse cillum dolore eu fugiat nulla pariatur. Excepteur sint occaecat cupidatat non proident, sunt in culpa qui officia deserunt mollit anim id est laborum.</p>",
    "Category": 5,
    "Price": "492.59",
    "CreateDate": "2018-03-27T14:21:54.690",
    "LastModified": "2018-03-27T14:21:55.395",
    "Status": "A"
  }
},
{
  "model": "catalog.product",
  "pk": 58,
  "fields": {
    "polymorphic_ctype": 11,
    "Name": "Cup",
    "Description": "<p>This item is an individual product named Cup.<p><p>Lorem ipsum dolor sit amet, consectetur adipisicing elit, sed do eiusmod tempor incididunt ut labore et dolore magna aliqua. Ut enim ad minim veniam, quis nostrud exercitation ullamco laboris nisi ut aliquip ex ea commodo consequat. Duis aute irure dolor in reprehenderit in voluptate velit esse cillum dolore eu fugiat nulla pariatur. Excepteur sint occaecat cupidatat non proident, sunt in culpa qui officia deserunt mollit anim id est laborum.</p>",
    "Category": 2,
    "Price": "291.33",
    "CreateDate": "2018-03-27T14:21:54.694",
    "LastModified": "2018-03-27T14:21:55.407",
    "Status": "A"
  }
},
{
  "model": "catalog.product",
  "pk": 59,
  "fields": {
    "polymorphic_ctype": 11,
    "Name": "Stop Sign",
    "Description": "<p>This item is an individual product named Stop Sign.<p><p>Lorem ipsum dolor sit amet, consectetur adipisicing elit, sed do eiusmod tempor incididunt ut labore et dolore magna aliqua. Ut enim ad minim veniam, quis nostrud exercitation ullamco laboris nisi ut aliquip ex ea commodo consequat. Duis aute irure dolor in reprehenderit in voluptate velit esse cillum dolore eu fugiat nulla pariatur. Excepteur sint occaecat cupidatat non proident, sunt in culpa qui officia deserunt mollit anim id est laborum.</p>",
    "Category": 3,
    "Price": "314.09",
    "CreateDate": "2018-03-27T14:21:54.697",
    "LastModified": "2018-03-27T14:21:55.419",
    "Status": "A"
  }
},
{
  "model": "catalog.product",
  "pk": 60,
  "fields": {
    "polymorphic_ctype": 11,
    "Name": "Washing Machine",
    "Description": "<p>This item is an individual product named Washing Machine.<p><p>Lorem ipsum dolor sit amet, consectetur adipisicing elit, sed do eiusmod tempor incididunt ut labore et dolore magna aliqua. Ut enim ad minim veniam, quis nostrud exercitation ullamco laboris nisi ut aliquip ex ea commodo consequat. Duis aute irure dolor in reprehenderit in voluptate velit esse cillum dolore eu fugiat nulla pariatur. Excepteur sint occaecat cupidatat non proident, sunt in culpa qui officia deserunt mollit anim id est laborum.</p>",
    "Category": 5,
    "Price": "554.69",
    "CreateDate": "2018-03-27T14:21:54.700",
    "LastModified": "2018-03-27T14:21:55.425",
    "Status": "A"
  }
},
{
  "model": "catalog.product",
  "pk": 61,
  "fields": {
    "polymorphic_ctype": 11,
    "Name": "Speakers",
    "Description": "<p>This item is an individual product named Speakers.<p><p>Lorem ipsum dolor sit amet, consectetur adipisicing elit, sed do eiusmod tempor incididunt ut labore et dolore magna aliqua. Ut enim ad minim veniam, quis nostrud exercitation ullamco laboris nisi ut aliquip ex ea commodo consequat. Duis aute irure dolor in reprehenderit in voluptate velit esse cillum dolore eu fugiat nulla pariatur. Excepteur sint occaecat cupidatat non proident, sunt in culpa qui officia deserunt mollit anim id est laborum.</p>",
    "Category": 2,
    "Price": "145.16",
    "CreateDate": "2018-03-27T14:21:54.706",
    "LastModified": "2018-03-27T14:21:55.435",
    "Status": "A"
  }
},
{
  "model": "catalog.product",
  "pk": 62,
  "fields": {
    "polymorphic_ctype": 11,
    "Name": "Sofa",
    "Description": "<p>This item is an individual product named Sofa.<p><p>Lorem ipsum dolor sit amet, consectetur adipisicing elit, sed do eiusmod tempor incididunt ut labore et dolore magna aliqua. Ut enim ad minim veniam, quis nostrud exercitation ullamco laboris nisi ut aliquip ex ea commodo consequat. Duis aute irure dolor in reprehenderit in voluptate velit esse cillum dolore eu fugiat nulla pariatur. Excepteur sint occaecat cupidatat non proident, sunt in culpa qui officia deserunt mollit anim id est laborum.</p>",
    "Category": 1,
    "Price": "981.04",
    "CreateDate": "2018-03-27T14:21:54.709",
    "LastModified": "2018-03-27T14:21:55.445",
    "Status": "A"
  }
},
{
  "model": "catalog.product",
  "pk": 63,
  "fields": {
    "polymorphic_ctype": 11,
    "Name": "Slipper",
    "Description": "<p>This item is an individual product named Slipper.<p><p>Lorem ipsum dolor sit amet, consectetur adipisicing elit, sed do eiusmod tempor incididunt ut labore et dolore magna aliqua. Ut enim ad minim veniam, quis nostrud exercitation ullamco laboris nisi ut aliquip ex ea commodo consequat. Duis aute irure dolor in reprehenderit in voluptate velit esse cillum dolore eu fugiat nulla pariatur. Excepteur sint occaecat cupidatat non proident, sunt in culpa qui officia deserunt mollit anim id est laborum.</p>",
    "Category": 2,
    "Price": "80.11",
    "CreateDate": "2018-03-27T14:21:54.713",
    "LastModified": "2018-03-27T14:21:55.458",
    "Status": "A"
  }
},
{
  "model": "catalog.product",
  "pk": 64,
  "fields": {
    "polymorphic_ctype": 11,
    "Name": "Needle",
    "Description": "<p>This item is an individual product named Needle.<p><p>Lorem ipsum dolor sit amet, consectetur adipisicing elit, sed do eiusmod tempor incididunt ut labore et dolore magna aliqua. Ut enim ad minim veniam, quis nostrud exercitation ullamco laboris nisi ut aliquip ex ea commodo consequat. Duis aute irure dolor in reprehenderit in voluptate velit esse cillum dolore eu fugiat nulla pariatur. Excepteur sint occaecat cupidatat non proident, sunt in culpa qui officia deserunt mollit anim id est laborum.</p>",
    "Category": 5,
    "Price": "744.15",
    "CreateDate": "2018-03-27T14:21:54.717",
    "LastModified": "2018-03-27T14:21:55.468",
    "Status": "A"
  }
},
{
  "model": "catalog.product",
  "pk": 65,
  "fields": {
    "polymorphic_ctype": 11,
    "Name": "Face Wash",
    "Description": "<p>This item is an individual product named Face Wash.<p><p>Lorem ipsum dolor sit amet, consectetur adipisicing elit, sed do eiusmod tempor incididunt ut labore et dolore magna aliqua. Ut enim ad minim veniam, quis nostrud exercitation ullamco laboris nisi ut aliquip ex ea commodo consequat. Duis aute irure dolor in reprehenderit in voluptate velit esse cillum dolore eu fugiat nulla pariatur. Excepteur sint occaecat cupidatat non proident, sunt in culpa qui officia deserunt mollit anim id est laborum.</p>",
    "Category": 1,
    "Price": "516.27",
    "CreateDate": "2018-03-27T14:21:54.720",
    "LastModified": "2018-03-30T15:27:44.763",
    "Status": "I"
  }
},
{
  "model": "catalog.product",
  "pk": 66,
  "fields": {
    "polymorphic_ctype": 11,
    "Name": "Clothes",
    "Description": "<p>This item is an individual product named Clothes.<p><p>Lorem ipsum dolor sit amet, consectetur adipisicing elit, sed do eiusmod tempor incididunt ut labore et dolore magna aliqua. Ut enim ad minim veniam, quis nostrud exercitation ullamco laboris nisi ut aliquip ex ea commodo consequat. Duis aute irure dolor in reprehenderit in voluptate velit esse cillum dolore eu fugiat nulla pariatur. Excepteur sint occaecat cupidatat non proident, sunt in culpa qui officia deserunt mollit anim id est laborum.</p>",
    "Category": 4,
    "Price": "545.07",
    "CreateDate": "2018-03-27T14:21:54.724",
    "LastModified": "2018-03-27T14:21:55.489",
    "Status": "A"
  }
},
{
  "model": "catalog.product",
  "pk": 67,
  "fields": {
    "polymorphic_ctype": 11,
    "Name": "White Out",
    "Description": "<p>This item is an individual product named White Out.<p><p>Lorem ipsum dolor sit amet, consectetur adipisicing elit, sed do eiusmod tempor incididunt ut labore et dolore magna aliqua. Ut enim ad minim veniam, quis nostrud exercitation ullamco laboris nisi ut aliquip ex ea commodo consequat. Duis aute irure dolor in reprehenderit in voluptate velit esse cillum dolore eu fugiat nulla pariatur. Excepteur sint occaecat cupidatat non proident, sunt in culpa qui officia deserunt mollit anim id est laborum.</p>",
    "Category": 4,
    "Price": "696.07",
    "CreateDate": "2018-03-27T14:21:54.727",
    "LastModified": "2018-03-27T14:21:55.497",
    "Status": "A"
  }
},
{
  "model": "catalog.product",
  "pk": 68,
  "fields": {
    "polymorphic_ctype": 11,
    "Name": "Ice Cube Tray",
    "Description": "<p>This item is an individual product named Ice Cube Tray.<p><p>Lorem ipsum dolor sit amet, consectetur adipisicing elit, sed do eiusmod tempor incididunt ut labore et dolore magna aliqua. Ut enim ad minim veniam, quis nostrud exercitation ullamco laboris nisi ut aliquip ex ea commodo consequat. Duis aute irure dolor in reprehenderit in voluptate velit esse cillum dolore eu fugiat nulla pariatur. Excepteur sint occaecat cupidatat non proident, sunt in culpa qui officia deserunt mollit anim id est laborum.</p>",
    "Category": 5,
    "Price": "202.98",
    "CreateDate": "2018-03-27T14:21:54.731",
    "LastModified": "2018-03-27T14:21:55.510",
    "Status": "A"
  }
},
{
  "model": "catalog.product",
  "pk": 69,
  "fields": {
    "polymorphic_ctype": 11,
    "Name": "Lip Gloss",
    "Description": "<p>This item is an individual product named Lip Gloss.<p><p>Lorem ipsum dolor sit amet, consectetur adipisicing elit, sed do eiusmod tempor incididunt ut labore et dolore magna aliqua. Ut enim ad minim veniam, quis nostrud exercitation ullamco laboris nisi ut aliquip ex ea commodo consequat. Duis aute irure dolor in reprehenderit in voluptate velit esse cillum dolore eu fugiat nulla pariatur. Excepteur sint occaecat cupidatat non proident, sunt in culpa qui officia deserunt mollit anim id est laborum.</p>",
    "Category": 4,
    "Price": "277.44",
    "CreateDate": "2018-03-27T14:21:54.734",
    "LastModified": "2018-03-27T14:21:55.517",
    "Status": "A"
  }
},
{
  "model": "catalog.product",
  "pk": 70,
  "fields": {
    "polymorphic_ctype": 11,
    "Name": "Boom Box",
    "Description": "<p>This item is an individual product named Boom Box.<p><p>Lorem ipsum dolor sit amet, consectetur adipisicing elit, sed do eiusmod tempor incididunt ut labore et dolore magna aliqua. Ut enim ad minim veniam, quis nostrud exercitation ullamco laboris nisi ut aliquip ex ea commodo consequat. Duis aute irure dolor in reprehenderit in voluptate velit esse cillum dolore eu fugiat nulla pariatur. Excepteur sint occaecat cupidatat non proident, sunt in culpa qui officia deserunt mollit anim id est laborum.</p>",
    "Category": 4,
    "Price": "697.14",
    "CreateDate": "2018-03-27T14:21:54.737",
    "LastModified": "2018-03-27T14:21:55.527",
    "Status": "A"
  }
},
{
  "model": "catalog.product",
  "pk": 71,
  "fields": {
    "polymorphic_ctype": 11,
    "Name": "Lace",
    "Description": "<p>This item is an individual product named Lace.<p><p>Lorem ipsum dolor sit amet, consectetur adipisicing elit, sed do eiusmod tempor incididunt ut labore et dolore magna aliqua. Ut enim ad minim veniam, quis nostrud exercitation ullamco laboris nisi ut aliquip ex ea commodo consequat. Duis aute irure dolor in reprehenderit in voluptate velit esse cillum dolore eu fugiat nulla pariatur. Excepteur sint occaecat cupidatat non proident, sunt in culpa qui officia deserunt mollit anim id est laborum.</p>",
    "Category": 1,
    "Price": "450.98",
    "CreateDate": "2018-03-27T14:21:54.741",
    "LastModified": "2018-03-27T14:21:55.533",
    "Status": "A"
  }
},
{
  "model": "catalog.product",
  "pk": 72,
  "fields": {
    "polymorphic_ctype": 11,
    "Name": "Video Games",
    "Description": "<p>This item is an individual product named Video Games.<p><p>Lorem ipsum dolor sit amet, consectetur adipisicing elit, sed do eiusmod tempor incididunt ut labore et dolore magna aliqua. Ut enim ad minim veniam, quis nostrud exercitation ullamco laboris nisi ut aliquip ex ea commodo consequat. Duis aute irure dolor in reprehenderit in voluptate velit esse cillum dolore eu fugiat nulla pariatur. Excepteur sint occaecat cupidatat non proident, sunt in culpa qui officia deserunt mollit anim id est laborum.</p>",
    "Category": 4,
    "Price": "577.22",
    "CreateDate": "2018-03-27T14:21:54.745",
    "LastModified": "2018-03-27T14:21:55.540",
    "Status": "A"
  }
},
{
  "model": "catalog.product",
  "pk": 75,
  "fields": {
    "polymorphic_ctype": 11,
    "Name": "Tax",
    "Description": "Sales tax of order",
    "Category": 1,
    "Price": "0.00",
    "CreateDate": "2018-03-29T14:10:38.498",
    "LastModified": "2018-04-06T22:55:54.952",
    "Status": "I"
  }
},
{
  "model": "catalog.bulkproduct",
  "pk": 1,
  "fields": {
    "Quantity": 3,
    "ReorderTrigger": 7,
    "ReorderQuantity": 14
  }
},
{
  "model": "catalog.bulkproduct",
  "pk": 2,
  "fields": {
    "Quantity": 9,
    "ReorderTrigger": 5,
    "ReorderQuantity": 10
  }
},
{
  "model": "catalog.bulkproduct",
  "pk": 3,
  "fields": {
    "Quantity": 0,
    "ReorderTrigger": 14,
    "ReorderQuantity": 28
  }
},
{
  "model": "catalog.bulkproduct",
  "pk": 4,
  "fields": {
    "Quantity": 8,
    "ReorderTrigger": 8,
    "ReorderQuantity": 16
  }
},
{
  "model": "catalog.bulkproduct",
  "pk": 5,
  "fields": {
    "Quantity": 15,
    "ReorderTrigger": 15,
    "ReorderQuantity": 30
  }
},
{
  "model": "catalog.bulkproduct",
  "pk": 6,
  "fields": {
    "Quantity": 19,
    "ReorderTrigger": 15,
    "ReorderQuantity": 30
  }
},
{
  "model": "catalog.bulkproduct",
  "pk": 7,
  "fields": {
    "Quantity": 8,
    "ReorderTrigger": 8,
    "ReorderQuantity": 16
  }
},
{
  "model": "catalog.bulkproduct",
  "pk": 8,
  "fields": {
    "Quantity": 18,
    "ReorderTrigger": 12,
    "ReorderQuantity": 24
  }
},
{
  "model": "catalog.bulkproduct",
  "pk": 9,
  "fields": {
    "Quantity": 12,
    "ReorderTrigger": 6,
    "ReorderQuantity": 12
  }
},
{
  "model": "catalog.bulkproduct",
  "pk": 10,
  "fields": {
    "Quantity": 17,
    "ReorderTrigger": 10,
    "ReorderQuantity": 20
  }
},
{
  "model": "catalog.bulkproduct",
  "pk": 11,
  "fields": {
    "Quantity": 20,
    "ReorderTrigger": 12,
    "ReorderQuantity": 24
  }
},
{
  "model": "catalog.bulkproduct",
  "pk": 12,
  "fields": {
    "Quantity": 2,
    "ReorderTrigger": 5,
    "ReorderQuantity": 10
  }
},
{
  "model": "catalog.bulkproduct",
  "pk": 13,
  "fields": {
    "Quantity": 30,
    "ReorderTrigger": 15,
    "ReorderQuantity": 30
  }
},
{
  "model": "catalog.bulkproduct",
  "pk": 14,
  "fields": {
    "Quantity": 8,
    "ReorderTrigger": 7,
    "ReorderQuantity": 14
  }
},
{
  "model": "catalog.bulkproduct",
  "pk": 15,
  "fields": {
    "Quantity": 24,
    "ReorderTrigger": 12,
    "ReorderQuantity": 24
  }
},
{
  "model": "catalog.bulkproduct",
  "pk": 16,
  "fields": {
    "Quantity": 14,
    "ReorderTrigger": 11,
    "ReorderQuantity": 22
  }
},
{
  "model": "catalog.bulkproduct",
  "pk": 17,
  "fields": {
    "Quantity": 8,
    "ReorderTrigger": 8,
    "ReorderQuantity": 16
  }
},
{
  "model": "catalog.bulkproduct",
  "pk": 18,
  "fields": {
    "Quantity": 29,
    "ReorderTrigger": 15,
    "ReorderQuantity": 30
  }
},
{
  "model": "catalog.bulkproduct",
  "pk": 19,
  "fields": {
    "Quantity": 6,
    "ReorderTrigger": 6,
    "ReorderQuantity": 12
  }
},
{
  "model": "catalog.bulkproduct",
  "pk": 20,
  "fields": {
    "Quantity": 21,
    "ReorderTrigger": 13,
    "ReorderQuantity": 26
  }
},
{
  "model": "catalog.bulkproduct",
  "pk": 21,
  "fields": {
    "Quantity": 5,
    "ReorderTrigger": 5,
    "ReorderQuantity": 10
  }
},
{
  "model": "catalog.bulkproduct",
  "pk": 22,
  "fields": {
    "Quantity": 14,
    "ReorderTrigger": 7,
    "ReorderQuantity": 14
  }
},
{
  "model": "catalog.bulkproduct",
  "pk": 23,
  "fields": {
    "Quantity": 10,
    "ReorderTrigger": 8,
    "ReorderQuantity": 16
  }
},
{
  "model": "catalog.bulkproduct",
  "pk": 24,
  "fields": {
    "Quantity": 21,
    "ReorderTrigger": 11,
    "ReorderQuantity": 22
  }
},
{
  "model": "catalog.individualproduct",
  "pk": 49,
  "fields": {
    "ItemID": "6336U1"
  }
},
{
  "model": "catalog.individualproduct",
  "pk": 50,
  "fields": {
    "ItemID": "741I0K"
  }
},
{
  "model": "catalog.individualproduct",
  "pk": 51,
  "fields": {
    "ItemID": "922340"
  }
},
{
  "model": "catalog.individualproduct",
  "pk": 52,
  "fields": {
    "ItemID": "6R030E"
  }
},
{
  "model": "catalog.individualproduct",
  "pk": 53,
  "fields": {
    "ItemID": "D59E2V"
  }
},
{
  "model": "catalog.individualproduct",
  "pk": 54,
  "fields": {
    "ItemID": "651T57"
  }
},
{
  "model": "catalog.individualproduct",
  "pk": 55,
  "fields": {
    "ItemID": "32931X"
  }
},
{
  "model": "catalog.individualproduct",
  "pk": 56,
  "fields": {
    "ItemID": "83X693"
  }
},
{
  "model": "catalog.individualproduct",
  "pk": 57,
  "fields": {
    "ItemID": "L3H212"
  }
},
{
  "model": "catalog.individualproduct",
  "pk": 58,
  "fields": {
    "ItemID": "311K8Q"
  }
},
{
  "model": "catalog.individualproduct",
  "pk": 59,
  "fields": {
    "ItemID": "7AZU33"
  }
},
{
  "model": "catalog.individualproduct",
  "pk": 60,
  "fields": {
    "ItemID": "7LD610"
  }
},
{
  "model": "catalog.individualproduct",
  "pk": 61,
  "fields": {
    "ItemID": "72J385"
  }
},
{
  "model": "catalog.individualproduct",
  "pk": 62,
  "fields": {
    "ItemID": "95V1L7"
  }
},
{
  "model": "catalog.individualproduct",
  "pk": 63,
  "fields": {
    "ItemID": "TQ88MZ"
  }
},
{
  "model": "catalog.individualproduct",
  "pk": 64,
  "fields": {
    "ItemID": "T21W08"
  }
},
{
  "model": "catalog.individualproduct",
  "pk": 65,
  "fields": {
    "ItemID": "72305B"
  }
},
{
  "model": "catalog.individualproduct",
  "pk": 66,
  "fields": {
    "ItemID": "7V8D13"
  }
},
{
  "model": "catalog.individualproduct",
  "pk": 67,
  "fields": {
    "ItemID": "BFBFXD"
  }
},
{
  "model": "catalog.individualproduct",
  "pk": 68,
  "fields": {
    "ItemID": "323D6M"
  }
},
{
  "model": "catalog.individualproduct",
  "pk": 69,
  "fields": {
    "ItemID": "625X48"
  }
},
{
  "model": "catalog.individualproduct",
  "pk": 70,
  "fields": {
    "ItemID": "9U7WNN"
  }
},
{
  "model": "catalog.individualproduct",
  "pk": 71,
  "fields": {
    "ItemID": "ISW2L8"
  }
},
{
  "model": "catalog.individualproduct",
  "pk": 72,
  "fields": {
    "ItemID": "8359W5"
  }
},
{
  "model": "catalog.individualproduct",
  "pk": 75,
  "fields": {
    "ItemID": ""
  }
},
{
  "model": "catalog.rentalproduct",
  "pk": 25,
  "fields": {
    "ItemID": "8L27NB",
    "MaxRental": 7,
    "RetireDate": null
  }
},
{
  "model": "catalog.rentalproduct",
  "pk": 26,
  "fields": {
    "ItemID": "50V08T",
    "MaxRental": 10,
    "RetireDate": null
  }
},
{
  "model": "catalog.rentalproduct",
  "pk": 27,
  "fields": {
    "ItemID": "YDC8B5",
    "MaxRental": 9,
    "RetireDate": null
  }
},
{
  "model": "catalog.rentalproduct",
  "pk": 28,
  "fields": {
    "ItemID": "S1PQ2S",
    "MaxRental": 10,
    "RetireDate": null
  }
},
{
  "model": "catalog.rentalproduct",
  "pk": 29,
  "fields": {
    "ItemID": "59W058",
    "MaxRental": 4,
    "RetireDate": null
  }
},
{
  "model": "catalog.rentalproduct",
  "pk": 30,
  "fields": {
    "ItemID": "D5J21P",
    "MaxRental": 5,
    "RetireDate": null
  }
},
{
  "model": "catalog.rentalproduct",
  "pk": 31,
  "fields": {
    "ItemID": "I97782",
    "MaxRental": 1,
    "RetireDate": null
  }
},
{
  "model": "catalog.rentalproduct",
  "pk": 32,
  "fields": {
    "ItemID": "13LAEY",
    "MaxRental": 10,
    "RetireDate": null
  }
},
{
  "model": "catalog.rentalproduct",
  "pk": 33,
  "fields": {
    "ItemID": "89L437",
    "MaxRental": 4,
    "RetireDate": null
  }
},
{
  "model": "catalog.rentalproduct",
  "pk": 34,
  "fields": {
    "ItemID": "507SPT",
    "MaxRental": 6,
    "RetireDate": null
  }
},
{
  "model": "catalog.rentalproduct",
  "pk": 35,
  "fields": {
    "ItemID": "7Y1WJ1",
    "MaxRental": 4,
    "RetireDate": null
  }
},
{
  "model": "catalog.rentalproduct",
  "pk": 36,
  "fields": {
    "ItemID": "816Y76",
    "MaxRental": 7,
    "RetireDate": null
  }
},
{
  "model": "catalog.rentalproduct",
  "pk": 37,
  "fields": {
    "ItemID": "Q3BJ7H",
    "MaxRental": 9,
    "RetireDate": null
  }
},
{
  "model": "catalog.rentalproduct",
  "pk": 38,
  "fields": {
    "ItemID": "F0R29M",
    "MaxRental": 6,
    "RetireDate": null
  }
},
{
  "model": "catalog.rentalproduct",
  "pk": 39,
  "fields": {
    "ItemID": "P7X855",
    "MaxRental": 7,
    "RetireDate": null
  }
},
{
  "model": "catalog.rentalproduct",
  "pk": 40,
  "fields": {
    "ItemID": "V53725",
    "MaxRental": 10,
    "RetireDate": null
  }
},
{
  "model": "catalog.rentalproduct",
  "pk": 41,
  "fields": {
    "ItemID": "16Y7FC",
    "MaxRental": 1,
    "RetireDate": null
  }
},
{
  "model": "catalog.rentalproduct",
  "pk": 42,
  "fields": {
    "ItemID": "9TWNE5",
    "MaxRental": 7,
    "RetireDate": null
  }
},
{
  "model": "catalog.rentalproduct",
  "pk": 43,
  "fields": {
    "ItemID": "030GW8",
    "MaxRental": 4,
    "RetireDate": null
  }
},
{
  "model": "catalog.rentalproduct",
  "pk": 44,
  "fields": {
    "ItemID": "4BPSA6",
    "MaxRental": 8,
    "RetireDate": null
  }
},
{
  "model": "catalog.rentalproduct",
  "pk": 45,
  "fields": {
    "ItemID": "1HB3X1",
    "MaxRental": 10,
    "RetireDate": null
  }
},
{
  "model": "catalog.rentalproduct",
  "pk": 46,
  "fields": {
    "ItemID": "LDR09A",
    "MaxRental": 1,
    "RetireDate": null
  }
},
{
  "model": "catalog.rentalproduct",
  "pk": 47,
  "fields": {
    "ItemID": "H2N2XH",
    "MaxRental": 10,
    "RetireDate": null
  }
},
{
  "model": "catalog.rentalproduct",
  "pk": 48,
  "fields": {
    "ItemID": "4X1K9G",
    "MaxRental": 7,
    "RetireDate": null
  }
},
{
  "model": "catalog.productimage",
  "pk": 2,
  "fields": {
    "Filename": "glass.jpg",
    "Product": 2,
    "CreateDate": "2018-03-27T14:21:54.768",
    "LastModified": "2018-03-27T14:21:54.768"
  }
},
{
  "model": "catalog.productimage",
  "pk": 3,
  "fields": {
    "Filename": "mp3_player.jpg",
    "Product": 2,
    "CreateDate": "2018-03-27T14:21:54.773",
    "LastModified": "2018-03-27T14:21:54.773"
  }
},
{
  "model": "catalog.productimage",
  "pk": 4,
  "fields": {
    "Filename": "bed.jpg",
    "Product": 2,
    "CreateDate": "2018-03-27T14:21:54.775",
    "LastModified": "2018-03-27T14:21:54.775"
  }
},
{
  "model": "catalog.productimage",
  "pk": 5,
  "fields": {
    "Filename": "wagon.jpg",
    "Product": 2,
    "CreateDate": "2018-03-27T14:21:54.777",
    "LastModified": "2018-03-27T14:21:54.777"
  }
},
{
  "model": "catalog.productimage",
  "pk": 6,
  "fields": {
    "Filename": "twister.jpg",
    "Product": 2,
    "CreateDate": "2018-03-27T14:21:54.780",
    "LastModified": "2018-03-27T14:21:54.780"
  }
},
{
  "model": "catalog.productimage",
  "pk": 7,
  "fields": {
    "Filename": "sidewalk.jpg",
    "Product": 3,
    "CreateDate": "2018-03-27T14:21:54.782",
    "LastModified": "2018-03-27T14:21:54.782"
  }
},
{
  "model": "catalog.productimage",
  "pk": 8,
  "fields": {
    "Filename": "magnet.jpg",
    "Product": 3,
    "CreateDate": "2018-03-27T14:21:54.789",
    "LastModified": "2018-03-27T14:21:54.789"
  }
},
{
  "model": "catalog.productimage",
  "pk": 9,
  "fields": {
    "Filename": "fork.jpg",
    "Product": 3,
    "CreateDate": "2018-03-27T14:21:54.791",
    "LastModified": "2018-03-27T14:21:54.791"
  }
},
{
  "model": "catalog.productimage",
  "pk": 10,
  "fields": {
    "Filename": "sand_paper.jpg",
    "Product": 3,
    "CreateDate": "2018-03-27T14:21:54.793",
    "LastModified": "2018-03-27T14:21:54.793"
  }
},
{
  "model": "catalog.productimage",
  "pk": 11,
  "fields": {
    "Filename": "mirror.jpg",
    "Product": 4,
    "CreateDate": "2018-03-27T14:21:54.795",
    "LastModified": "2018-03-27T14:21:54.795"
  }
},
{
  "model": "catalog.productimage",
  "pk": 12,
  "fields": {
    "Filename": "shawl.jpg",
    "Product": 4,
    "CreateDate": "2018-03-27T14:21:54.804",
    "LastModified": "2018-03-27T14:21:54.804"
  }
},
{
  "model": "catalog.productimage",
  "pk": 13,
  "fields": {
    "Filename": "keys.jpg",
    "Product": 4,
    "CreateDate": "2018-03-27T14:21:54.807",
    "LastModified": "2018-03-27T14:21:54.807"
  }
},
{
  "model": "catalog.productimage",
  "pk": 14,
  "fields": {
    "Filename": "cookie_jar.jpg",
    "Product": 4,
    "CreateDate": "2018-03-27T14:21:54.809",
    "LastModified": "2018-03-27T14:21:54.809"
  }
},
{
  "model": "catalog.productimage",
  "pk": 15,
  "fields": {
    "Filename": "greeting_card.jpg",
    "Product": 4,
    "CreateDate": "2018-03-27T14:21:54.811",
    "LastModified": "2018-03-27T14:21:54.811"
  }
},
{
  "model": "catalog.productimage",
  "pk": 16,
  "fields": {
    "Filename": "photo_album.jpg",
    "Product": 5,
    "CreateDate": "2018-03-27T14:21:54.813",
    "LastModified": "2018-03-27T14:21:54.813"
  }
},
{
  "model": "catalog.productimage",
  "pk": 17,
  "fields": {
    "Filename": "lamp_shade.jpg",
    "Product": 5,
    "CreateDate": "2018-03-27T14:21:54.819",
    "LastModified": "2018-03-27T14:21:54.819"
  }
},
{
  "model": "catalog.productimage",
  "pk": 18,
  "fields": {
    "Filename": "computer.jpg",
    "Product": 5,
    "CreateDate": "2018-03-27T14:21:54.821",
    "LastModified": "2018-03-27T14:21:54.821"
  }
},
{
  "model": "catalog.productimage",
  "pk": 19,
  "fields": {
    "Filename": "radio.jpg",
    "Product": 6,
    "CreateDate": "2018-03-27T14:21:54.823",
    "LastModified": "2018-03-27T14:21:54.823"
  }
},
{
  "model": "catalog.productimage",
  "pk": 20,
  "fields": {
    "Filename": "rug.jpg",
    "Product": 6,
    "CreateDate": "2018-03-27T14:21:54.829",
    "LastModified": "2018-03-27T14:21:54.829"
  }
},
{
  "model": "catalog.productimage",
  "pk": 21,
  "fields": {
    "Filename": "lamp.jpg",
    "Product": 6,
    "CreateDate": "2018-03-27T14:21:54.831",
    "LastModified": "2018-03-27T14:21:54.831"
  }
},
{
  "model": "catalog.productimage",
  "pk": 22,
  "fields": {
    "Filename": "cell_phone.jpg",
    "Product": 6,
    "CreateDate": "2018-03-27T14:21:54.833",
    "LastModified": "2018-03-27T14:21:54.833"
  }
},
{
  "model": "catalog.productimage",
  "pk": 23,
  "fields": {
    "Filename": "stockings.jpg",
    "Product": 7,
    "CreateDate": "2018-03-27T14:21:54.835",
    "LastModified": "2018-03-27T14:21:54.835"
  }
},
{
  "model": "catalog.productimage",
  "pk": 24,
  "fields": {
    "Filename": "keyboard.jpg",
    "Product": 8,
    "CreateDate": "2018-03-27T14:21:54.841",
    "LastModified": "2018-03-27T14:21:54.841"
  }
},
{
  "model": "catalog.productimage",
  "pk": 25,
  "fields": {
    "Filename": "sun_glasses.jpg",
    "Product": 8,
    "CreateDate": "2018-03-27T14:21:54.846",
    "LastModified": "2018-03-27T14:21:54.846"
  }
},
{
  "model": "catalog.productimage",
  "pk": 26,
  "fields": {
    "Filename": "socks.jpg",
    "Product": 8,
    "CreateDate": "2018-03-27T14:21:54.848",
    "LastModified": "2018-03-27T14:21:54.848"
  }
},
{
  "model": "catalog.productimage",
  "pk": 27,
  "fields": {
    "Filename": "credit_card.jpg",
    "Product": 8,
    "CreateDate": "2018-03-27T14:21:54.851",
    "LastModified": "2018-03-27T14:21:54.851"
  }
},
{
  "model": "catalog.productimage",
  "pk": 28,
  "fields": {
    "Filename": "fridge.jpg",
    "Product": 9,
    "CreateDate": "2018-03-27T14:21:54.853",
    "LastModified": "2018-03-27T14:21:54.853"
  }
},
{
  "model": "catalog.productimage",
  "pk": 29,
  "fields": {
    "Filename": "tv.jpg",
    "Product": 10,
    "CreateDate": "2018-03-27T14:21:54.859",
    "LastModified": "2018-03-27T14:21:54.859"
  }
},
{
  "model": "catalog.productimage",
  "pk": 30,
  "fields": {
    "Filename": "spring.jpg",
    "Product": 11,
    "CreateDate": "2018-03-27T14:21:54.864",
    "LastModified": "2018-03-27T14:21:54.864"
  }
},
{
  "model": "catalog.productimage",
  "pk": 31,
  "fields": {
    "Filename": "soda_can.jpg",
    "Product": 11,
    "CreateDate": "2018-03-27T14:21:54.870",
    "LastModified": "2018-03-27T14:21:54.870"
  }
},
{
  "model": "catalog.productimage",
  "pk": 32,
  "fields": {
    "Filename": "thermometer.jpg",
    "Product": 12,
    "CreateDate": "2018-03-27T14:21:54.872",
    "LastModified": "2018-03-27T14:21:54.872"
  }
},
{
  "model": "catalog.productimage",
  "pk": 33,
  "fields": {
    "Filename": "toothpaste.jpg",
    "Product": 12,
    "CreateDate": "2018-03-27T14:21:54.878",
    "LastModified": "2018-03-27T14:21:54.878"
  }
},
{
  "model": "catalog.productimage",
  "pk": 34,
  "fields": {
    "Filename": "street_lights.jpg",
    "Product": 12,
    "CreateDate": "2018-03-27T14:21:54.879",
    "LastModified": "2018-03-27T14:21:54.879"
  }
},
{
  "model": "catalog.productimage",
  "pk": 35,
  "fields": {
    "Filename": "milk.jpg",
    "Product": 12,
    "CreateDate": "2018-03-27T14:21:54.882",
    "LastModified": "2018-03-27T14:21:54.882"
  }
},
{
  "model": "catalog.productimage",
  "pk": 36,
  "fields": {
    "Filename": "packing_peanuts.jpg",
    "Product": 13,
    "CreateDate": "2018-03-27T14:21:54.884",
    "LastModified": "2018-03-27T14:21:54.884"
  }
},
{
  "model": "catalog.productimage",
  "pk": 37,
  "fields": {
    "Filename": "couch.jpg",
    "Product": 13,
    "CreateDate": "2018-03-27T14:21:54.890",
    "LastModified": "2018-03-27T14:21:54.890"
  }
},
{
  "model": "catalog.productimage",
  "pk": 38,
  "fields": {
    "Filename": "shoe_lace.jpg",
    "Product": 13,
    "CreateDate": "2018-03-27T14:21:54.892",
    "LastModified": "2018-03-27T14:21:54.892"
  }
},
{
  "model": "catalog.productimage",
  "pk": 39,
  "fields": {
    "Filename": "tire_swing.jpg",
    "Product": 13,
    "CreateDate": "2018-03-27T14:21:54.894",
    "LastModified": "2018-03-27T14:21:54.894"
  }
},
{
  "model": "catalog.productimage",
  "pk": 40,
  "fields": {
    "Filename": "candle.jpg",
    "Product": 14,
    "CreateDate": "2018-03-27T14:21:54.896",
    "LastModified": "2018-03-27T14:21:54.896"
  }
},
{
  "model": "catalog.productimage",
  "pk": 41,
  "fields": {
    "Filename": "wallet.jpg",
    "Product": 14,
    "CreateDate": "2018-03-27T14:21:54.901",
    "LastModified": "2018-03-27T14:21:54.901"
  }
},
{
  "model": "catalog.productimage",
  "pk": 42,
  "fields": {
    "Filename": "rubber_band.jpg",
    "Product": 15,
    "CreateDate": "2018-03-27T14:21:54.903",
    "LastModified": "2018-03-27T14:21:54.903"
  }
},
{
  "model": "catalog.productimage",
  "pk": 43,
  "fields": {
    "Filename": "thread.jpg",
    "Product": 15,
    "CreateDate": "2018-03-27T14:21:54.909",
    "LastModified": "2018-03-27T14:21:54.909"
  }
},
{
  "model": "catalog.productimage",
  "pk": 44,
  "fields": {
    "Filename": "bread.jpg",
    "Product": 15,
    "CreateDate": "2018-03-27T14:21:54.911",
    "LastModified": "2018-03-27T14:21:54.911"
  }
},
{
  "model": "catalog.productimage",
  "pk": 45,
  "fields": {
    "Filename": "nail_clippers.jpg",
    "Product": 15,
    "CreateDate": "2018-03-27T14:21:54.913",
    "LastModified": "2018-03-27T14:21:54.913"
  }
},
{
  "model": "catalog.productimage",
  "pk": 46,
  "fields": {
    "Filename": "food.jpg",
    "Product": 16,
    "CreateDate": "2018-03-27T14:21:54.915",
    "LastModified": "2018-03-27T14:21:54.916"
  }
},
{
  "model": "catalog.productimage",
  "pk": 47,
  "fields": {
    "Filename": "carrots.jpg",
    "Product": 16,
    "CreateDate": "2018-03-27T14:21:54.921",
    "LastModified": "2018-03-27T14:21:54.921"
  }
},
{
  "model": "catalog.productimage",
  "pk": 48,
  "fields": {
    "Filename": "cup.jpg",
    "Product": 16,
    "CreateDate": "2018-03-27T14:21:54.924",
    "LastModified": "2018-03-27T14:21:54.924"
  }
},
{
  "model": "catalog.productimage",
  "pk": 49,
  "fields": {
    "Filename": "sticky_note.jpg",
    "Product": 16,
    "CreateDate": "2018-03-27T14:21:54.926",
    "LastModified": "2018-03-27T14:21:54.926"
  }
},
{
  "model": "catalog.productimage",
  "pk": 50,
  "fields": {
    "Filename": "shoes.jpg",
    "Product": 17,
    "CreateDate": "2018-03-27T14:21:54.928",
    "LastModified": "2018-03-27T14:21:54.928"
  }
},
{
  "model": "catalog.productimage",
  "pk": 51,
  "fields": {
    "Filename": "cat.jpg",
    "Product": 17,
    "CreateDate": "2018-03-27T14:21:54.934",
    "LastModified": "2018-03-27T14:21:54.934"
  }
},
{
  "model": "catalog.productimage",
  "pk": 52,
  "fields": {
    "Filename": "stop_sign.jpg",
    "Product": 17,
    "CreateDate": "2018-03-27T14:21:54.936",
    "LastModified": "2018-03-27T14:21:54.936"
  }
},
{
  "model": "catalog.productimage",
  "pk": 53,
  "fields": {
    "Filename": "washing_machine.jpg",
    "Product": 18,
    "CreateDate": "2018-03-27T14:21:54.938",
    "LastModified": "2018-03-27T14:21:54.938"
  }
},
{
  "model": "catalog.productimage",
  "pk": 54,
  "fields": {
    "Filename": "pen.jpg",
    "Product": 18,
    "CreateDate": "2018-03-27T14:21:54.943",
    "LastModified": "2018-03-27T14:21:54.943"
  }
},
{
  "model": "catalog.productimage",
  "pk": 55,
  "fields": {
    "Filename": "chocolate.jpg",
    "Product": 18,
    "CreateDate": "2018-03-27T14:21:54.945",
    "LastModified": "2018-03-27T14:21:54.945"
  }
},
{
  "model": "catalog.productimage",
  "pk": 56,
  "fields": {
    "Filename": "speakers.jpg",
    "Product": 19,
    "CreateDate": "2018-03-27T14:21:54.947",
    "LastModified": "2018-03-27T14:21:54.947"
  }
},
{
  "model": "catalog.productimage",
  "pk": 57,
  "fields": {
    "Filename": "vase.jpg",
    "Product": 19,
    "CreateDate": "2018-03-27T14:21:54.953",
    "LastModified": "2018-03-27T14:21:54.953"
  }
},
{
  "model": "catalog.productimage",
  "pk": 58,
  "fields": {
    "Filename": "paper.jpg",
    "Product": 19,
    "CreateDate": "2018-03-27T14:21:54.955",
    "LastModified": "2018-03-27T14:21:54.955"
  }
},
{
  "model": "catalog.productimage",
  "pk": 59,
  "fields": {
    "Filename": "sofa.jpg",
    "Product": 19,
    "CreateDate": "2018-03-27T14:21:54.957",
    "LastModified": "2018-03-27T14:21:54.957"
  }
},
{
  "model": "catalog.productimage",
  "pk": 60,
  "fields": {
    "Filename": "chapter_book.jpg",
    "Product": 19,
    "CreateDate": "2018-03-27T14:21:54.960",
    "LastModified": "2018-03-27T14:21:54.960"
  }
},
{
  "model": "catalog.productimage",
  "pk": 61,
  "fields": {
    "Filename": "toothbrush.jpg",
    "Product": 20,
    "CreateDate": "2018-03-27T14:21:54.962",
    "LastModified": "2018-03-27T14:21:54.962"
  }
},
{
  "model": "catalog.productimage",
  "pk": 62,
  "fields": {
    "Filename": "glow_stick.jpg",
    "Product": 20,
    "CreateDate": "2018-03-27T14:21:54.967",
    "LastModified": "2018-03-27T14:21:54.967"
  }
},
{
  "model": "catalog.productimage",
  "pk": 63,
  "fields": {
    "Filename": "slipper.jpg",
    "Product": 20,
    "CreateDate": "2018-03-27T14:21:54.969",
    "LastModified": "2018-03-27T14:21:54.969"
  }
},
{
  "model": "catalog.productimage",
  "pk": 64,
  "fields": {
    "Filename": "chair.jpg",
    "Product": 21,
    "CreateDate": "2018-03-27T14:21:54.972",
    "LastModified": "2018-03-27T14:21:54.972"
  }
},
{
  "model": "catalog.productimage",
  "pk": 65,
  "fields": {
    "Filename": "desk.jpg",
    "Product": 21,
    "CreateDate": "2018-03-27T14:21:54.978",
    "LastModified": "2018-03-27T14:21:54.978"
  }
},
{
  "model": "catalog.productimage",
  "pk": 66,
  "fields": {
    "Filename": "needle.jpg",
    "Product": 21,
    "CreateDate": "2018-03-27T14:21:54.980",
    "LastModified": "2018-03-27T14:21:54.980"
  }
},
{
  "model": "catalog.productimage",
  "pk": 67,
  "fields": {
    "Filename": "face_wash.jpg",
    "Product": 21,
    "CreateDate": "2018-03-27T14:21:54.982",
    "LastModified": "2018-03-27T14:21:54.982"
  }
},
{
  "model": "catalog.productimage",
  "pk": 68,
  "fields": {
    "Filename": "cork.jpg",
    "Product": 21,
    "CreateDate": "2018-03-27T14:21:54.984",
    "LastModified": "2018-03-27T14:21:54.984"
  }
},
{
  "model": "catalog.productimage",
  "pk": 69,
  "fields": {
    "Filename": "candy_wrapper.jpg",
    "Product": 22,
    "CreateDate": "2018-03-27T14:21:54.986",
    "LastModified": "2018-03-27T14:21:54.986"
  }
},
{
  "model": "catalog.productimage",
  "pk": 70,
  "fields": {
    "Filename": "balloon.jpg",
    "Product": 22,
    "CreateDate": "2018-03-27T14:21:54.992",
    "LastModified": "2018-03-27T14:21:54.992"
  }
},
{
  "model": "catalog.productimage",
  "pk": 71,
  "fields": {
    "Filename": "window.jpg",
    "Product": 22,
    "CreateDate": "2018-03-27T14:21:54.994",
    "LastModified": "2018-03-27T14:21:54.994"
  }
},
{
  "model": "catalog.productimage",
  "pk": 72,
  "fields": {
    "Filename": "clothes.jpg",
    "Product": 22,
    "CreateDate": "2018-03-27T14:21:54.996",
    "LastModified": "2018-03-27T14:21:54.996"
  }
},
{
  "model": "catalog.productimage",
  "pk": 73,
  "fields": {
    "Filename": "flowers.jpg",
    "Product": 22,
    "CreateDate": "2018-03-27T14:21:54.998",
    "LastModified": "2018-03-27T14:21:54.998"
  }
},
{
  "model": "catalog.productimage",
  "pk": 74,
  "fields": {
    "Filename": "white_out.jpg",
    "Product": 23,
    "CreateDate": "2018-03-27T14:21:55.000",
    "LastModified": "2018-03-27T14:21:55.000"
  }
},
{
  "model": "catalog.productimage",
  "pk": 75,
  "fields": {
    "Filename": "zipper.jpg",
    "Product": 23,
    "CreateDate": "2018-03-27T14:21:55.006",
    "LastModified": "2018-03-27T14:21:55.006"
  }
},
{
  "model": "catalog.productimage",
  "pk": 76,
  "fields": {
    "Filename": "truck.jpg",
    "Product": 23,
    "CreateDate": "2018-03-27T14:21:55.008",
    "LastModified": "2018-03-27T14:21:55.008"
  }
},
{
  "model": "catalog.productimage",
  "pk": 77,
  "fields": {
    "Filename": "lotion.jpg",
    "Product": 24,
    "CreateDate": "2018-03-27T14:21:55.010",
    "LastModified": "2018-03-27T14:21:55.010"
  }
},
{
  "model": "catalog.productimage",
  "pk": 78,
  "fields": {
    "Filename": "ice_cube_tray.jpg",
    "Product": 24,
    "CreateDate": "2018-03-27T14:21:55.020",
    "LastModified": "2018-03-27T14:21:55.020"
  }
},
{
  "model": "catalog.productimage",
  "pk": 79,
  "fields": {
    "Filename": "controller.jpg",
    "Product": 24,
    "CreateDate": "2018-03-27T14:21:55.022",
    "LastModified": "2018-03-27T14:21:55.022"
  }
},
{
  "model": "catalog.productimage",
  "pk": 80,
  "fields": {
    "Filename": "lip_gloss.jpg",
    "Product": 24,
    "CreateDate": "2018-03-27T14:21:55.024",
    "LastModified": "2018-03-27T14:21:55.024"
  }
},
{
  "model": "catalog.productimage",
  "pk": 81,
  "fields": {
    "Filename": "hair_tie.jpg",
    "Product": 24,
    "CreateDate": "2018-03-27T14:21:55.026",
    "LastModified": "2018-03-27T14:21:55.026"
  }
},
{
  "model": "catalog.productimage",
  "pk": 82,
  "fields": {
    "Filename": "fake_flowers.jpg",
    "Product": 25,
    "CreateDate": "2018-03-27T14:21:55.028",
    "LastModified": "2018-03-27T14:21:55.028"
  }
},
{
  "model": "catalog.productimage",
  "pk": 83,
  "fields": {
    "Filename": "boom_box.jpg",
    "Product": 25,
    "CreateDate": "2018-03-27T14:21:55.034",
    "LastModified": "2018-03-27T14:21:55.034"
  }
},
{
  "model": "catalog.productimage",
  "pk": 84,
  "fields": {
    "Filename": "lace.jpg",
    "Product": 25,
    "CreateDate": "2018-03-27T14:21:55.036",
    "LastModified": "2018-03-27T14:21:55.036"
  }
},
{
  "model": "catalog.productimage",
  "pk": 85,
  "fields": {
    "Filename": "drill_press.jpg",
    "Product": 25,
    "CreateDate": "2018-03-27T14:21:55.038",
    "LastModified": "2018-03-27T14:21:55.038"
  }
},
{
  "model": "catalog.productimage",
  "pk": 86,
  "fields": {
    "Filename": "video_games.jpg",
    "Product": 25,
    "CreateDate": "2018-03-27T14:21:55.040",
    "LastModified": "2018-03-27T14:21:55.040"
  }
},
{
  "model": "catalog.productimage",
  "pk": 87,
  "fields": {
    "Filename": "bottle_cap.jpg",
    "Product": 26,
    "CreateDate": "2018-03-27T14:21:55.042",
    "LastModified": "2018-03-27T14:21:55.042"
  }
},
{
  "model": "catalog.productimage",
  "pk": 88,
  "fields": {
    "Filename": "purse.jpg",
    "Product": 26,
    "CreateDate": "2018-03-27T14:21:55.047",
    "LastModified": "2018-03-27T14:21:55.047"
  }
},
{
  "model": "catalog.productimage",
  "pk": 89,
  "fields": {
    "Filename": "tooth_picks.jpg",
    "Product": 26,
    "CreateDate": "2018-03-27T14:21:55.054",
    "LastModified": "2018-03-27T14:21:55.054"
  }
},
{
  "model": "catalog.productimage",
  "pk": 90,
  "fields": {
    "Filename": "soap.jpg",
    "Product": 26,
    "CreateDate": "2018-03-27T14:21:55.061",
    "LastModified": "2018-03-27T14:21:55.061"
  }
},
{
  "model": "catalog.productimage",
  "pk": 91,
  "fields": {
    "Filename": "newspaper.jpg",
    "Product": 27,
    "CreateDate": "2018-03-27T14:21:55.068",
    "LastModified": "2018-03-27T14:21:55.068"
  }
},
{
  "model": "catalog.productimage",
  "pk": 92,
  "fields": {
    "Filename": "drawer.jpg",
    "Product": 27,
    "CreateDate": "2018-03-27T14:21:55.080",
    "LastModified": "2018-03-27T14:21:55.080"
  }
},
{
  "model": "catalog.productimage",
  "pk": 93,
  "fields": {
    "Filename": "cinder_block.jpg",
    "Product": 27,
    "CreateDate": "2018-03-27T14:21:55.083",
    "LastModified": "2018-03-27T14:21:55.083"
  }
},
{
  "model": "catalog.productimage",
  "pk": 94,
  "fields": {
    "Filename": "checkbook.jpg",
    "Product": 27,
    "CreateDate": "2018-03-27T14:21:55.085",
    "LastModified": "2018-03-27T14:21:55.085"
  }
},
{
  "model": "catalog.productimage",
  "pk": 95,
  "fields": {
    "Filename": "playing_card.jpg",
    "Product": 28,
    "CreateDate": "2018-03-27T14:21:55.087",
    "LastModified": "2018-03-27T14:21:55.087"
  }
},
{
  "model": "catalog.productimage",
  "pk": 96,
  "fields": {
    "Filename": "pool_stick.jpg",
    "Product": 29,
    "CreateDate": "2018-03-27T14:21:55.093",
    "LastModified": "2018-03-27T14:21:55.093"
  }
},
{
  "model": "catalog.productimage",
  "pk": 97,
  "fields": {
    "Filename": "knife.jpg",
    "Product": 29,
    "CreateDate": "2018-03-27T14:21:55.100",
    "LastModified": "2018-03-27T14:21:55.100"
  }
},
{
  "model": "catalog.productimage",
  "pk": 98,
  "fields": {
    "Filename": "perfume.jpg",
    "Product": 29,
    "CreateDate": "2018-03-27T14:21:55.102",
    "LastModified": "2018-03-27T14:21:55.102"
  }
},
{
  "model": "catalog.productimage",
  "pk": 99,
  "fields": {
    "Filename": "phone.jpg",
    "Product": 29,
    "CreateDate": "2018-03-27T14:21:55.104",
    "LastModified": "2018-03-27T14:21:55.104"
  }
},
{
  "model": "catalog.productimage",
  "pk": 100,
  "fields": {
    "Filename": "bananas.jpg",
    "Product": 30,
    "CreateDate": "2018-03-27T14:21:55.106",
    "LastModified": "2018-03-27T14:21:55.106"
  }
},
{
  "model": "catalog.productimage",
  "pk": 101,
  "fields": {
    "Filename": "buckel.jpg",
    "Product": 30,
    "CreateDate": "2018-03-27T14:21:55.112",
    "LastModified": "2018-03-27T14:21:55.112"
  }
},
{
  "model": "catalog.productimage",
  "pk": 102,
  "fields": {
    "Filename": "door.jpg",
    "Product": 30,
    "CreateDate": "2018-03-27T14:21:55.114",
    "LastModified": "2018-03-27T14:21:55.114"
  }
},
{
  "model": "catalog.productimage",
  "pk": 103,
  "fields": {
    "Filename": "water_bottle.jpg",
    "Product": 30,
    "CreateDate": "2018-03-27T14:21:55.116",
    "LastModified": "2018-03-27T14:21:55.116"
  }
},
{
  "model": "catalog.productimage",
  "pk": 104,
  "fields": {
    "Filename": "earser.jpg",
    "Product": 31,
    "CreateDate": "2018-03-27T14:21:55.118",
    "LastModified": "2018-03-27T14:21:55.118"
  }
},
{
  "model": "catalog.productimage",
  "pk": 105,
  "fields": {
    "Filename": "camera.jpg",
    "Product": 31,
    "CreateDate": "2018-03-27T14:21:55.124",
    "LastModified": "2018-03-27T14:21:55.124"
  }
},
{
  "model": "catalog.productimage",
  "pk": 106,
  "fields": {
    "Filename": "puddle.jpg",
    "Product": 32,
    "CreateDate": "2018-03-27T14:21:55.126",
    "LastModified": "2018-03-27T14:21:55.126"
  }
},
{
  "model": "catalog.productimage",
  "pk": 107,
  "fields": {
    "Filename": "beef.jpg",
    "Product": 32,
    "CreateDate": "2018-03-27T14:21:55.131",
    "LastModified": "2018-03-27T14:21:55.131"
  }
},
{
  "model": "catalog.productimage",
  "pk": 108,
  "fields": {
    "Filename": "conditioner.jpg",
    "Product": 33,
    "CreateDate": "2018-03-27T14:21:55.133",
    "LastModified": "2018-03-27T14:21:55.133"
  }
},
{
  "model": "catalog.productimage",
  "pk": 109,
  "fields": {
    "Filename": "bow.jpg",
    "Product": 33,
    "CreateDate": "2018-03-27T14:21:55.139",
    "LastModified": "2018-03-27T14:21:55.139"
  }
},
{
  "model": "catalog.productimage",
  "pk": 110,
  "fields": {
    "Filename": "bowl.jpg",
    "Product": 34,
    "CreateDate": "2018-03-27T14:21:55.141",
    "LastModified": "2018-03-27T14:21:55.141"
  }
},
{
  "model": "catalog.productimage",
  "pk": 111,
  "fields": {
    "Filename": "twezzers.jpg",
    "Product": 34,
    "CreateDate": "2018-03-27T14:21:55.149",
    "LastModified": "2018-03-27T14:21:55.149"
  }
},
{
  "model": "catalog.productimage",
  "pk": 112,
  "fields": {
    "Filename": "bookmark.jpg",
    "Product": 34,
    "CreateDate": "2018-03-27T14:21:55.151",
    "LastModified": "2018-03-27T14:21:55.151"
  }
},
{
  "model": "catalog.productimage",
  "pk": 113,
  "fields": {
    "Filename": "television.jpg",
    "Product": 34,
    "CreateDate": "2018-03-27T14:21:55.153",
    "LastModified": "2018-03-27T14:21:55.153"
  }
},
{
  "model": "catalog.productimage",
  "pk": 114,
  "fields": {
    "Filename": "piano.jpg",
    "Product": 35,
    "CreateDate": "2018-03-27T14:21:55.155",
    "LastModified": "2018-03-27T14:21:55.155"
  }
},
{
  "model": "catalog.productimage",
  "pk": 115,
  "fields": {
    "Filename": "charger.jpg",
    "Product": 35,
    "CreateDate": "2018-03-27T14:21:55.161",
    "LastModified": "2018-03-27T14:21:55.161"
  }
},
{
  "model": "catalog.productimage",
  "pk": 116,
  "fields": {
    "Filename": "car.jpg",
    "Product": 35,
    "CreateDate": "2018-03-27T14:21:55.163",
    "LastModified": "2018-03-27T14:21:55.163"
  }
},
{
  "model": "catalog.productimage",
  "pk": 117,
  "fields": {
    "Filename": "glasses.jpg",
    "Product": 35,
    "CreateDate": "2018-03-27T14:21:55.165",
    "LastModified": "2018-03-27T14:21:55.165"
  }
},
{
  "model": "catalog.productimage",
  "pk": 118,
  "fields": {
    "Filename": "leg_warmers.jpg",
    "Product": 35,
    "CreateDate": "2018-03-27T14:21:55.168",
    "LastModified": "2018-03-27T14:21:55.168"
  }
},
{
  "model": "catalog.productimage",
  "pk": 119,
  "fields": {
    "Filename": "key_chain.jpg",
    "Product": 36,
    "CreateDate": "2018-03-27T14:21:55.170",
    "LastModified": "2018-03-27T14:21:55.170"
  }
},
{
  "model": "catalog.productimage",
  "pk": 120,
  "fields": {
    "Filename": "picture_frame.jpg",
    "Product": 37,
    "CreateDate": "2018-03-27T14:21:55.176",
    "LastModified": "2018-03-27T14:21:55.176"
  }
},
{
  "model": "catalog.productimage",
  "pk": 121,
  "fields": {
    "Filename": "tree.jpg",
    "Product": 37,
    "CreateDate": "2018-03-27T14:21:55.181",
    "LastModified": "2018-03-27T14:21:55.181"
  }
},
{
  "model": "catalog.productimage",
  "pk": 122,
  "fields": {
    "Filename": "canvas.jpg",
    "Product": 37,
    "CreateDate": "2018-03-27T14:21:55.183",
    "LastModified": "2018-03-27T14:21:55.183"
  }
},
{
  "model": "catalog.productimage",
  "pk": 123,
  "fields": {
    "Filename": "towel.jpg",
    "Product": 37,
    "CreateDate": "2018-03-27T14:21:55.185",
    "LastModified": "2018-03-27T14:21:55.186"
  }
},
{
  "model": "catalog.productimage",
  "pk": 124,
  "fields": {
    "Filename": "tomato.jpg",
    "Product": 37,
    "CreateDate": "2018-03-27T14:21:55.188",
    "LastModified": "2018-03-27T14:21:55.188"
  }
},
{
  "model": "catalog.productimage",
  "pk": 125,
  "fields": {
    "Filename": "floor.jpg",
    "Product": 38,
    "CreateDate": "2018-03-27T14:21:55.190",
    "LastModified": "2018-03-27T14:21:55.190"
  }
},
{
  "model": "catalog.productimage",
  "pk": 126,
  "fields": {
    "Filename": "spoon.jpg",
    "Product": 38,
    "CreateDate": "2018-03-27T14:21:55.196",
    "LastModified": "2018-03-27T14:21:55.196"
  }
},
{
  "model": "catalog.productimage",
  "pk": 127,
  "fields": {
    "Filename": "doll.jpg",
    "Product": 38,
    "CreateDate": "2018-03-27T14:21:55.198",
    "LastModified": "2018-03-27T14:21:55.198"
  }
},
{
  "model": "catalog.productimage",
  "pk": 128,
  "fields": {
    "Filename": "clock.jpg",
    "Product": 38,
    "CreateDate": "2018-03-27T14:21:55.201",
    "LastModified": "2018-03-27T14:21:55.201"
  }
},
{
  "model": "catalog.productimage",
  "pk": 129,
  "fields": {
    "Filename": "button.jpg",
    "Product": 39,
    "CreateDate": "2018-03-27T14:21:55.203",
    "LastModified": "2018-03-27T14:21:55.203"
  }
},
{
  "model": "catalog.productimage",
  "pk": 130,
  "fields": {
    "Filename": "ipod.jpg",
    "Product": 39,
    "CreateDate": "2018-03-27T14:21:55.209",
    "LastModified": "2018-03-27T14:21:55.209"
  }
},
{
  "model": "catalog.productimage",
  "pk": 131,
  "fields": {
    "Filename": "monitor.jpg",
    "Product": 39,
    "CreateDate": "2018-03-27T14:21:55.211",
    "LastModified": "2018-03-27T14:21:55.211"
  }
},
{
  "model": "catalog.productimage",
  "pk": 132,
  "fields": {
    "Filename": "bag.jpg",
    "Product": 39,
    "CreateDate": "2018-03-27T14:21:55.213",
    "LastModified": "2018-03-27T14:21:55.213"
  }
},
{
  "model": "catalog.productimage",
  "pk": 133,
  "fields": {
    "Filename": "sketch_pad.jpg",
    "Product": 39,
    "CreateDate": "2018-03-27T14:21:55.215",
    "LastModified": "2018-03-27T14:21:55.215"
  }
},
{
  "model": "catalog.productimage",
  "pk": 134,
  "fields": {
    "Filename": "apple.jpg",
    "Product": 40,
    "CreateDate": "2018-03-27T14:21:55.217",
    "LastModified": "2018-03-27T14:21:55.217"
  }
},
{
  "model": "catalog.productimage",
  "pk": 135,
  "fields": {
    "Filename": "pencil.jpg",
    "Product": 40,
    "CreateDate": "2018-03-27T14:21:55.222",
    "LastModified": "2018-03-27T14:21:55.222"
  }
},
{
  "model": "catalog.productimage",
  "pk": 136,
  "fields": {
    "Filename": "grid_paper.jpg",
    "Product": 41,
    "CreateDate": "2018-03-27T14:21:55.225",
    "LastModified": "2018-03-27T14:21:55.225"
  }
},
{
  "model": "catalog.productimage",
  "pk": 137,
  "fields": {
    "Filename": "nail_file.jpg",
    "Product": 41,
    "CreateDate": "2018-03-27T14:21:55.230",
    "LastModified": "2018-03-27T14:21:55.230"
  }
},
{
  "model": "catalog.productimage",
  "pk": 138,
  "fields": {
    "Filename": "bracelet.jpg",
    "Product": 41,
    "CreateDate": "2018-03-27T14:21:55.232",
    "LastModified": "2018-03-27T14:21:55.232"
  }
},
{
  "model": "catalog.productimage",
  "pk": 139,
  "fields": {
    "Filename": "outlet.jpg",
    "Product": 41,
    "CreateDate": "2018-03-27T14:21:55.235",
    "LastModified": "2018-03-27T14:21:55.235"
  }
},
{
  "model": "catalog.productimage",
  "pk": 140,
  "fields": {
    "Filename": "rubber_duck.jpg",
    "Product": 41,
    "CreateDate": "2018-03-27T14:21:55.237",
    "LastModified": "2018-03-27T14:21:55.237"
  }
},
{
  "model": "catalog.productimage",
  "pk": 141,
  "fields": {
    "Filename": "coasters.jpg",
    "Product": 42,
    "CreateDate": "2018-03-27T14:21:55.239",
    "LastModified": "2018-03-27T14:21:55.239"
  }
},
{
  "model": "catalog.productimage",
  "pk": 142,
  "fields": {
    "Filename": "thermostat.jpg",
    "Product": 42,
    "CreateDate": "2018-03-27T14:21:55.245",
    "LastModified": "2018-03-27T14:21:55.245"
  }
},
{
  "model": "catalog.productimage",
  "pk": 143,
  "fields": {
    "Filename": "headphones.jpg",
    "Product": 42,
    "CreateDate": "2018-03-27T14:21:55.247",
    "LastModified": "2018-03-27T14:21:55.247"
  }
},
{
  "model": "catalog.productimage",
  "pk": 144,
  "fields": {
    "Filename": "sharpie.jpg",
    "Product": 42,
    "CreateDate": "2018-03-27T14:21:55.249",
    "LastModified": "2018-03-27T14:21:55.249"
  }
},
{
  "model": "catalog.productimage",
  "pk": 145,
  "fields": {
    "Filename": "eye_liner.jpg",
    "Product": 42,
    "CreateDate": "2018-03-27T14:21:55.251",
    "LastModified": "2018-03-27T14:21:55.251"
  }
},
{
  "model": "catalog.productimage",
  "pk": 146,
  "fields": {
    "Filename": "toilet.jpg",
    "Product": 43,
    "CreateDate": "2018-03-27T14:21:55.253",
    "LastModified": "2018-03-27T14:21:55.253"
  }
},
{
  "model": "catalog.productimage",
  "pk": 147,
  "fields": {
    "Filename": "glass.jpg",
    "Product": 43,
    "CreateDate": "2018-03-27T14:21:55.258",
    "LastModified": "2018-03-27T14:21:55.258"
  }
},
{
  "model": "catalog.productimage",
  "pk": 148,
  "fields": {
    "Filename": "mp3_player.jpg",
    "Product": 44,
    "CreateDate": "2018-03-27T14:21:55.260",
    "LastModified": "2018-03-27T14:21:55.260"
  }
},
{
  "model": "catalog.productimage",
  "pk": 149,
  "fields": {
    "Filename": "bed.jpg",
    "Product": 44,
    "CreateDate": "2018-03-27T14:21:55.266",
    "LastModified": "2018-03-27T14:21:55.266"
  }
},
{
  "model": "catalog.productimage",
  "pk": 150,
  "fields": {
    "Filename": "wagon.jpg",
    "Product": 44,
    "CreateDate": "2018-03-27T14:21:55.269",
    "LastModified": "2018-03-27T14:21:55.269"
  }
},
{
  "model": "catalog.productimage",
  "pk": 151,
  "fields": {
    "Filename": "twister.jpg",
    "Product": 44,
    "CreateDate": "2018-03-27T14:21:55.271",
    "LastModified": "2018-03-27T14:21:55.271"
  }
},
{
  "model": "catalog.productimage",
  "pk": 152,
  "fields": {
    "Filename": "sidewalk.jpg",
    "Product": 44,
    "CreateDate": "2018-03-27T14:21:55.273",
    "LastModified": "2018-03-27T14:21:55.273"
  }
},
{
  "model": "catalog.productimage",
  "pk": 153,
  "fields": {
    "Filename": "magnet.jpg",
    "Product": 45,
    "CreateDate": "2018-03-27T14:21:55.275",
    "LastModified": "2018-03-27T14:21:55.275"
  }
},
{
  "model": "catalog.productimage",
  "pk": 154,
  "fields": {
    "Filename": "fork.jpg",
    "Product": 45,
    "CreateDate": "2018-03-27T14:21:55.280",
    "LastModified": "2018-03-27T14:21:55.280"
  }
},
{
  "model": "catalog.productimage",
  "pk": 155,
  "fields": {
    "Filename": "sand_paper.jpg",
    "Product": 45,
    "CreateDate": "2018-03-27T14:21:55.282",
    "LastModified": "2018-03-27T14:21:55.282"
  }
},
{
  "model": "catalog.productimage",
  "pk": 156,
  "fields": {
    "Filename": "mirror.jpg",
    "Product": 46,
    "CreateDate": "2018-03-27T14:21:55.284",
    "LastModified": "2018-03-27T14:21:55.284"
  }
},
{
  "model": "catalog.productimage",
  "pk": 157,
  "fields": {
    "Filename": "shawl.jpg",
    "Product": 46,
    "CreateDate": "2018-03-27T14:21:55.289",
    "LastModified": "2018-03-27T14:21:55.289"
  }
},
{
  "model": "catalog.productimage",
  "pk": 158,
  "fields": {
    "Filename": "keys.jpg",
    "Product": 46,
    "CreateDate": "2018-03-27T14:21:55.291",
    "LastModified": "2018-03-27T14:21:55.291"
  }
},
{
  "model": "catalog.productimage",
  "pk": 159,
  "fields": {
    "Filename": "cookie_jar.jpg",
    "Product": 47,
    "CreateDate": "2018-03-27T14:21:55.293",
    "LastModified": "2018-03-27T14:21:55.293"
  }
},
{
  "model": "catalog.productimage",
  "pk": 160,
  "fields": {
    "Filename": "greeting_card.jpg",
    "Product": 47,
    "CreateDate": "2018-03-27T14:21:55.298",
    "LastModified": "2018-03-27T14:21:55.298"
  }
},
{
  "model": "catalog.productimage",
  "pk": 161,
  "fields": {
    "Filename": "photo_album.jpg",
    "Product": 47,
    "CreateDate": "2018-03-27T14:21:55.301",
    "LastModified": "2018-03-27T14:21:55.301"
  }
},
{
  "model": "catalog.productimage",
  "pk": 162,
  "fields": {
    "Filename": "lamp_shade.jpg",
    "Product": 47,
    "CreateDate": "2018-03-27T14:21:55.303",
    "LastModified": "2018-03-27T14:21:55.303"
  }
},
{
  "model": "catalog.productimage",
  "pk": 163,
  "fields": {
    "Filename": "computer.jpg",
    "Product": 48,
    "CreateDate": "2018-03-27T14:21:55.305",
    "LastModified": "2018-03-27T14:21:55.305"
  }
},
{
  "model": "catalog.productimage",
  "pk": 164,
  "fields": {
    "Filename": "radio.jpg",
    "Product": 48,
    "CreateDate": "2018-03-27T14:21:55.310",
    "LastModified": "2018-03-27T14:21:55.310"
  }
},
{
  "model": "catalog.productimage",
  "pk": 165,
  "fields": {
    "Filename": "rug.jpg",
    "Product": 49,
    "CreateDate": "2018-03-27T14:21:55.312",
    "LastModified": "2018-03-27T14:21:55.312"
  }
},
{
  "model": "catalog.productimage",
  "pk": 166,
  "fields": {
    "Filename": "lamp.jpg",
    "Product": 49,
    "CreateDate": "2018-03-27T14:21:55.318",
    "LastModified": "2018-03-27T14:21:55.318"
  }
},
{
  "model": "catalog.productimage",
  "pk": 167,
  "fields": {
    "Filename": "cell_phone.jpg",
    "Product": 49,
    "CreateDate": "2018-03-27T14:21:55.320",
    "LastModified": "2018-03-27T14:21:55.320"
  }
},
{
  "model": "catalog.productimage",
  "pk": 168,
  "fields": {
    "Filename": "stockings.jpg",
    "Product": 49,
    "CreateDate": "2018-03-27T14:21:55.322",
    "LastModified": "2018-03-27T14:21:55.322"
  }
},
{
  "model": "catalog.productimage",
  "pk": 169,
  "fields": {
    "Filename": "keyboard.jpg",
    "Product": 49,
    "CreateDate": "2018-03-27T14:21:55.325",
    "LastModified": "2018-03-27T14:21:55.325"
  }
},
{
  "model": "catalog.productimage",
  "pk": 170,
  "fields": {
    "Filename": "sun_glasses.jpg",
    "Product": 50,
    "CreateDate": "2018-03-27T14:21:55.327",
    "LastModified": "2018-03-27T14:21:55.327"
  }
},
{
  "model": "catalog.productimage",
  "pk": 171,
  "fields": {
    "Filename": "socks.jpg",
    "Product": 51,
    "CreateDate": "2018-03-27T14:21:55.333",
    "LastModified": "2018-03-27T14:21:55.333"
  }
},
{
  "model": "catalog.productimage",
  "pk": 172,
  "fields": {
    "Filename": "credit_card.jpg",
    "Product": 51,
    "CreateDate": "2018-03-27T14:21:55.339",
    "LastModified": "2018-03-27T14:21:55.339"
  }
},
{
  "model": "catalog.productimage",
  "pk": 173,
  "fields": {
    "Filename": "fridge.jpg",
    "Product": 52,
    "CreateDate": "2018-03-27T14:21:55.341",
    "LastModified": "2018-03-27T14:21:55.341"
  }
},
{
  "model": "catalog.productimage",
  "pk": 174,
  "fields": {
    "Filename": "tv.jpg",
    "Product": 53,
    "CreateDate": "2018-03-27T14:21:55.347",
    "LastModified": "2018-03-27T14:21:55.347"
  }
},
{
  "model": "catalog.productimage",
  "pk": 175,
  "fields": {
    "Filename": "spring.jpg",
    "Product": 53,
    "CreateDate": "2018-03-27T14:21:55.352",
    "LastModified": "2018-03-27T14:21:55.352"
  }
},
{
  "model": "catalog.productimage",
  "pk": 176,
  "fields": {
    "Filename": "soda_can.jpg",
    "Product": 53,
    "CreateDate": "2018-03-27T14:21:55.354",
    "LastModified": "2018-03-27T14:21:55.354"
  }
},
{
  "model": "catalog.productimage",
  "pk": 177,
  "fields": {
    "Filename": "thermometer.jpg",
    "Product": 53,
    "CreateDate": "2018-03-27T14:21:55.357",
    "LastModified": "2018-03-27T14:21:55.357"
  }
},
{
  "model": "catalog.productimage",
  "pk": 178,
  "fields": {
    "Filename": "toothpaste.jpg",
    "Product": 53,
    "CreateDate": "2018-03-27T14:21:55.359",
    "LastModified": "2018-03-27T14:21:55.359"
  }
},
{
  "model": "catalog.productimage",
  "pk": 179,
  "fields": {
    "Filename": "street_lights.jpg",
    "Product": 54,
    "CreateDate": "2018-03-27T14:21:55.361",
    "LastModified": "2018-03-27T14:21:55.361"
  }
},
{
  "model": "catalog.productimage",
  "pk": 180,
  "fields": {
    "Filename": "milk.jpg",
    "Product": 54,
    "CreateDate": "2018-03-27T14:21:55.367",
    "LastModified": "2018-03-27T14:21:55.367"
  }
},
{
  "model": "catalog.productimage",
  "pk": 181,
  "fields": {
    "Filename": "packing_peanuts.jpg",
    "Product": 54,
    "CreateDate": "2018-03-27T14:21:55.369",
    "LastModified": "2018-03-27T14:21:55.369"
  }
},
{
  "model": "catalog.productimage",
  "pk": 182,
  "fields": {
    "Filename": "couch.jpg",
    "Product": 55,
    "CreateDate": "2018-03-27T14:21:55.371",
    "LastModified": "2018-03-27T14:21:55.371"
  }
},
{
  "model": "catalog.productimage",
  "pk": 183,
  "fields": {
    "Filename": "shoe_lace.jpg",
    "Product": 55,
    "CreateDate": "2018-03-27T14:21:55.377",
    "LastModified": "2018-03-27T14:21:55.377"
  }
},
{
  "model": "catalog.productimage",
  "pk": 184,
  "fields": {
    "Filename": "tire_swing.jpg",
    "Product": 55,
    "CreateDate": "2018-03-27T14:21:55.379",
    "LastModified": "2018-03-27T14:21:55.379"
  }
},
{
  "model": "catalog.productimage",
  "pk": 185,
  "fields": {
    "Filename": "candle.jpg",
    "Product": 55,
    "CreateDate": "2018-03-27T14:21:55.382",
    "LastModified": "2018-03-27T14:21:55.382"
  }
},
{
  "model": "catalog.productimage",
  "pk": 186,
  "fields": {
    "Filename": "wallet.jpg",
    "Product": 55,
    "CreateDate": "2018-03-27T14:21:55.384",
    "LastModified": "2018-03-27T14:21:55.384"
  }
},
{
  "model": "catalog.productimage",
  "pk": 187,
  "fields": {
    "Filename": "rubber_band.jpg",
    "Product": 56,
    "CreateDate": "2018-03-27T14:21:55.385",
    "LastModified": "2018-03-27T14:21:55.385"
  }
},
{
  "model": "catalog.productimage",
  "pk": 188,
  "fields": {
    "Filename": "thread.jpg",
    "Product": 56,
    "CreateDate": "2018-03-27T14:21:55.391",
    "LastModified": "2018-03-27T14:21:55.391"
  }
},
{
  "model": "catalog.productimage",
  "pk": 189,
  "fields": {
    "Filename": "bread.jpg",
    "Product": 57,
    "CreateDate": "2018-03-27T14:21:55.393",
    "LastModified": "2018-03-27T14:21:55.393"
  }
},
{
  "model": "catalog.productimage",
  "pk": 190,
  "fields": {
    "Filename": "nail_clippers.jpg",
    "Product": 57,
    "CreateDate": "2018-03-27T14:21:55.398",
    "LastModified": "2018-03-27T14:21:55.399"
  }
},
{
  "model": "catalog.productimage",
  "pk": 191,
  "fields": {
    "Filename": "food.jpg",
    "Product": 57,
    "CreateDate": "2018-03-27T14:21:55.401",
    "LastModified": "2018-03-27T14:21:55.401"
  }
},
{
  "model": "catalog.productimage",
  "pk": 192,
  "fields": {
    "Filename": "carrots.jpg",
    "Product": 57,
    "CreateDate": "2018-03-27T14:21:55.403",
    "LastModified": "2018-03-27T14:21:55.403"
  }
},
{
  "model": "catalog.productimage",
  "pk": 193,
  "fields": {
    "Filename": "cup.jpg",
    "Product": 58,
    "CreateDate": "2018-03-27T14:21:55.405",
    "LastModified": "2018-03-27T14:21:55.405"
  }
},
{
  "model": "catalog.productimage",
  "pk": 194,
  "fields": {
    "Filename": "sticky_note.jpg",
    "Product": 58,
    "CreateDate": "2018-03-27T14:21:55.411",
    "LastModified": "2018-03-27T14:21:55.411"
  }
},
{
  "model": "catalog.productimage",
  "pk": 195,
  "fields": {
    "Filename": "shoes.jpg",
    "Product": 58,
    "CreateDate": "2018-03-27T14:21:55.412",
    "LastModified": "2018-03-27T14:21:55.412"
  }
},
{
  "model": "catalog.productimage",
  "pk": 196,
  "fields": {
    "Filename": "cat.jpg",
    "Product": 58,
    "CreateDate": "2018-03-27T14:21:55.415",
    "LastModified": "2018-03-27T14:21:55.415"
  }
},
{
  "model": "catalog.productimage",
  "pk": 197,
  "fields": {
    "Filename": "stop_sign.jpg",
    "Product": 59,
    "CreateDate": "2018-03-27T14:21:55.417",
    "LastModified": "2018-03-27T14:21:55.417"
  }
},
{
  "model": "catalog.productimage",
  "pk": 198,
  "fields": {
    "Filename": "washing_machine.jpg",
    "Product": 60,
    "CreateDate": "2018-03-27T14:21:55.423",
    "LastModified": "2018-03-27T14:21:55.423"
  }
},
{
  "model": "catalog.productimage",
  "pk": 199,
  "fields": {
    "Filename": "pen.jpg",
    "Product": 60,
    "CreateDate": "2018-03-27T14:21:55.428",
    "LastModified": "2018-03-27T14:21:55.428"
  }
},
{
  "model": "catalog.productimage",
  "pk": 200,
  "fields": {
    "Filename": "chocolate.jpg",
    "Product": 60,
    "CreateDate": "2018-03-27T14:21:55.430",
    "LastModified": "2018-03-27T14:21:55.430"
  }
},
{
  "model": "catalog.productimage",
  "pk": 201,
  "fields": {
    "Filename": "speakers.jpg",
    "Product": 61,
    "CreateDate": "2018-03-27T14:21:55.432",
    "LastModified": "2018-03-27T14:21:55.432"
  }
},
{
  "model": "catalog.productimage",
  "pk": 202,
  "fields": {
    "Filename": "vase.jpg",
    "Product": 61,
    "CreateDate": "2018-03-27T14:21:55.439",
    "LastModified": "2018-03-27T14:21:55.439"
  }
},
{
  "model": "catalog.productimage",
  "pk": 203,
  "fields": {
    "Filename": "paper.jpg",
    "Product": 61,
    "CreateDate": "2018-03-27T14:21:55.441",
    "LastModified": "2018-03-27T14:21:55.441"
  }
},
{
  "model": "catalog.productimage",
  "pk": 204,
  "fields": {
    "Filename": "sofa.jpg",
    "Product": 62,
    "CreateDate": "2018-03-27T14:21:55.443",
    "LastModified": "2018-03-27T14:21:55.443"
  }
},
{
  "model": "catalog.productimage",
  "pk": 205,
  "fields": {
    "Filename": "chapter_book.jpg",
    "Product": 62,
    "CreateDate": "2018-03-27T14:21:55.449",
    "LastModified": "2018-03-27T14:21:55.449"
  }
},
{
  "model": "catalog.productimage",
  "pk": 206,
  "fields": {
    "Filename": "toothbrush.jpg",
    "Product": 62,
    "CreateDate": "2018-03-27T14:21:55.451",
    "LastModified": "2018-03-27T14:21:55.451"
  }
},
{
  "model": "catalog.productimage",
  "pk": 207,
  "fields": {
    "Filename": "glow_stick.jpg",
    "Product": 62,
    "CreateDate": "2018-03-27T14:21:55.453",
    "LastModified": "2018-03-27T14:21:55.453"
  }
},
{
  "model": "catalog.productimage",
  "pk": 208,
  "fields": {
    "Filename": "slipper.jpg",
    "Product": 63,
    "CreateDate": "2018-03-27T14:21:55.455",
    "LastModified": "2018-03-27T14:21:55.455"
  }
},
{
  "model": "catalog.productimage",
  "pk": 209,
  "fields": {
    "Filename": "chair.jpg",
    "Product": 63,
    "CreateDate": "2018-03-27T14:21:55.461",
    "LastModified": "2018-03-27T14:21:55.461"
  }
},
{
  "model": "catalog.productimage",
  "pk": 210,
  "fields": {
    "Filename": "desk.jpg",
    "Product": 63,
    "CreateDate": "2018-03-27T14:21:55.464",
    "LastModified": "2018-03-27T14:21:55.464"
  }
},
{
  "model": "catalog.productimage",
  "pk": 211,
  "fields": {
    "Filename": "needle.jpg",
    "Product": 64,
    "CreateDate": "2018-03-27T14:21:55.466",
    "LastModified": "2018-03-27T14:21:55.466"
  }
},
{
  "model": "catalog.productimage",
  "pk": 212,
  "fields": {
    "Filename": "face_wash.jpg",
    "Product": 65,
    "CreateDate": "2018-03-27T14:21:55.472",
    "LastModified": "2018-03-27T14:21:55.472"
  }
},
{
  "model": "catalog.productimage",
  "pk": 213,
  "fields": {
    "Filename": "cork.jpg",
    "Product": 65,
    "CreateDate": "2018-03-27T14:21:55.478",
    "LastModified": "2018-03-27T14:21:55.478"
  }
},
{
  "model": "catalog.productimage",
  "pk": 214,
  "fields": {
    "Filename": "candy_wrapper.jpg",
    "Product": 65,
    "CreateDate": "2018-03-27T14:21:55.480",
    "LastModified": "2018-03-27T14:21:55.480"
  }
},
{
  "model": "catalog.productimage",
  "pk": 215,
  "fields": {
    "Filename": "balloon.jpg",
    "Product": 65,
    "CreateDate": "2018-03-27T14:21:55.483",
    "LastModified": "2018-03-27T14:21:55.483"
  }
},
{
  "model": "catalog.productimage",
  "pk": 216,
  "fields": {
    "Filename": "window.jpg",
    "Product": 65,
    "CreateDate": "2018-03-27T14:21:55.485",
    "LastModified": "2018-03-27T14:21:55.485"
  }
},
{
  "model": "catalog.productimage",
  "pk": 217,
  "fields": {
    "Filename": "clothes.jpg",
    "Product": 66,
    "CreateDate": "2018-03-27T14:21:55.487",
    "LastModified": "2018-03-27T14:21:55.487"
  }
},
{
  "model": "catalog.productimage",
  "pk": 218,
  "fields": {
    "Filename": "flowers.jpg",
    "Product": 66,
    "CreateDate": "2018-03-27T14:21:55.493",
    "LastModified": "2018-03-27T14:21:55.493"
  }
},
{
  "model": "catalog.productimage",
  "pk": 219,
  "fields": {
    "Filename": "white_out.jpg",
    "Product": 67,
    "CreateDate": "2018-03-27T14:21:55.495",
    "LastModified": "2018-03-27T14:21:55.495"
  }
},
{
  "model": "catalog.productimage",
  "pk": 220,
  "fields": {
    "Filename": "zipper.jpg",
    "Product": 67,
    "CreateDate": "2018-03-27T14:21:55.501",
    "LastModified": "2018-03-27T14:21:55.501"
  }
},
{
  "model": "catalog.productimage",
  "pk": 221,
  "fields": {
    "Filename": "truck.jpg",
    "Product": 67,
    "CreateDate": "2018-03-27T14:21:55.503",
    "LastModified": "2018-03-27T14:21:55.503"
  }
},
{
  "model": "catalog.productimage",
  "pk": 222,
  "fields": {
    "Filename": "lotion.jpg",
    "Product": 67,
    "CreateDate": "2018-03-27T14:21:55.505",
    "LastModified": "2018-03-27T14:21:55.505"
  }
},
{
  "model": "catalog.productimage",
  "pk": 223,
  "fields": {
    "Filename": "ice_cube_tray.jpg",
    "Product": 68,
    "CreateDate": "2018-03-27T14:21:55.507",
    "LastModified": "2018-03-27T14:21:55.507"
  }
},
{
  "model": "catalog.productimage",
  "pk": 224,
  "fields": {
    "Filename": "controller.jpg",
    "Product": 68,
    "CreateDate": "2018-03-27T14:21:55.513",
    "LastModified": "2018-03-27T14:21:55.513"
  }
},
{
  "model": "catalog.productimage",
  "pk": 225,
  "fields": {
    "Filename": "lip_gloss.jpg",
    "Product": 69,
    "CreateDate": "2018-03-27T14:21:55.515",
    "LastModified": "2018-03-27T14:21:55.515"
  }
},
{
  "model": "catalog.productimage",
  "pk": 226,
  "fields": {
    "Filename": "hair_tie.jpg",
    "Product": 69,
    "CreateDate": "2018-03-27T14:21:55.520",
    "LastModified": "2018-03-27T14:21:55.520"
  }
},
{
  "model": "catalog.productimage",
  "pk": 227,
  "fields": {
    "Filename": "fake_flowers.jpg",
    "Product": 69,
    "CreateDate": "2018-03-27T14:21:55.523",
    "LastModified": "2018-03-27T14:21:55.523"
  }
},
{
  "model": "catalog.productimage",
  "pk": 228,
  "fields": {
    "Filename": "boom_box.jpg",
    "Product": 70,
    "CreateDate": "2018-03-27T14:21:55.525",
    "LastModified": "2018-03-27T14:21:55.525"
  }
},
{
  "model": "catalog.productimage",
  "pk": 229,
  "fields": {
    "Filename": "lace.jpg",
    "Product": 71,
    "CreateDate": "2018-03-27T14:21:55.531",
    "LastModified": "2018-03-27T14:21:55.531"
  }
},
{
  "model": "catalog.productimage",
  "pk": 230,
  "fields": {
    "Filename": "drill_press.jpg",
    "Product": 71,
    "CreateDate": "2018-03-27T14:21:55.537",
    "LastModified": "2018-03-27T14:21:55.537"
  }
},
{
  "model": "catalog.productimage",
  "pk": 231,
  "fields": {
    "Filename": "video_games.jpg",
    "Product": 72,
    "CreateDate": "2018-03-27T14:21:55.538",
    "LastModified": "2018-03-27T14:21:55.538"
  }
},
{
  "model": "catalog.productimage",
  "pk": 232,
  "fields": {
    "Filename": "bottle_cap.jpg",
    "Product": 72,
    "CreateDate": "2018-03-27T14:21:55.544",
    "LastModified": "2018-03-27T14:21:55.544"
  }
},
{
  "model": "catalog.productimage",
  "pk": 233,
  "fields": {
    "Filename": "purse.jpg",
    "Product": 72,
    "CreateDate": "2018-03-27T14:21:55.546",
    "LastModified": "2018-03-27T14:21:55.546"
  }
},
{
  "model": "catalog.orderitem",
  "pk": 27,
  "fields": {
    "polymorphic_ctype": 15,
    "order": 9,
    "status": "deleted",
    "product": 52,
    "description": null,
    "price": "180.00",
    "quantity": 1,
    "extended": "180.00"
  }
},
{
  "model": "catalog.orderitem",
  "pk": 28,
  "fields": {
    "polymorphic_ctype": 15,
    "order": 9,
    "status": "active",
    "product": 75,
    "description": null,
    "price": "187.20",
    "quantity": 1,
    "extended": "187.20"
  }
},
{
  "model": "catalog.orderitem",
  "pk": 29,
  "fields": {
    "polymorphic_ctype": 15,
    "order": 9,
    "status": "deleted",
    "product": 50,
    "description": null,
    "price": "904.06",
    "quantity": 1,
    "extended": "904.06"
  }
},
{
  "model": "catalog.orderitem",
  "pk": 30,
  "fields": {
    "polymorphic_ctype": 15,
    "order": 9,
    "status": "deleted",
    "product": 7,
    "description": null,
    "price": "954.16",
    "quantity": 2,
    "extended": "1908.32"
  }
},
{
  "model": "catalog.orderitem",
  "pk": 31,
  "fields": {
    "polymorphic_ctype": 15,
    "order": 9,
    "status": "deleted",
    "product": 3,
    "description": null,
    "price": "78.30",
    "quantity": 1,
    "extended": "78.30"
  }
},
{
  "model": "catalog.orderitem",
  "pk": 32,
  "fields": {
    "polymorphic_ctype": 15,
    "order": 9,
    "status": "deleted",
    "product": 2,
    "description": null,
    "price": "31.78",
    "quantity": 1,
    "extended": "31.78"
  }
},
{
  "model": "catalog.orderitem",
  "pk": 33,
  "fields": {
    "polymorphic_ctype": 15,
    "order": 9,
    "status": "active",
    "product": 5,
    "description": null,
    "price": "470.19",
    "quantity": 2,
    "extended": "940.38"
  }
},
{
  "model": "catalog.orderitem",
  "pk": 34,
  "fields": {
    "polymorphic_ctype": 15,
    "order": 9,
    "status": "active",
    "product": 42,
    "description": null,
    "price": "978.66",
    "quantity": 1,
    "extended": "978.66"
  }
},
{
  "model": "catalog.orderitem",
  "pk": 35,
  "fields": {
    "polymorphic_ctype": 15,
    "order": 9,
    "status": "deleted",
    "product": 1,
    "description": null,
    "price": "461.55",
    "quantity": 1,
    "extended": "461.55"
  }
},
{
  "model": "catalog.orderitem",
  "pk": 36,
  "fields": {
    "polymorphic_ctype": 15,
    "order": 9,
    "status": "active",
    "product": 4,
    "description": null,
    "price": "755.18",
    "quantity": 1,
    "extended": "755.18"
  }
},
{
  "model": "catalog.orderitem",
  "pk": 37,
  "fields": {
    "polymorphic_ctype": 15,
    "order": 10,
    "status": "active",
    "product": 75,
    "description": null,
    "price": "119.05",
    "quantity": 1,
    "extended": "119.05"
  }
},
{
  "model": "catalog.orderitem",
  "pk": 38,
  "fields": {
    "polymorphic_ctype": 15,
    "order": 10,
    "status": "deleted",
    "product": 57,
    "description": null,
    "price": "492.59",
    "quantity": 1,
    "extended": "492.59"
  }
},
{
  "model": "catalog.orderitem",
  "pk": 39,
  "fields": {
    "polymorphic_ctype": 15,
    "order": 10,
    "status": "deleted",
    "product": 1,
    "description": null,
    "price": "461.55",
    "quantity": 3,
    "extended": "1384.65"
  }
},
{
  "model": "catalog.orderitem",
  "pk": 40,
  "fields": {
    "polymorphic_ctype": 15,
    "order": 10,
    "status": "active",
    "product": 3,
    "description": null,
    "price": "78.30",
    "quantity": 4,
    "extended": "313.20"
  }
},
{
  "model": "catalog.orderitem",
  "pk": 41,
  "fields": {
    "polymorphic_ctype": 15,
    "order": 10,
    "status": "active",
    "product": 12,
    "description": null,
    "price": "871.24",
    "quantity": 1,
    "extended": "871.24"
  }
},
{
  "model": "catalog.orderitem",
  "pk": 42,
  "fields": {
    "polymorphic_ctype": 15,
    "order": 10,
    "status": "active",
    "product": 65,
    "description": null,
    "price": "516.27",
    "quantity": 1,
    "extended": "516.27"
  }
},
{
  "model": "catalog.orderitem",
  "pk": 43,
  "fields": {
    "polymorphic_ctype": 15,
    "order": 11,
    "status": "active",
    "product": 75,
    "description": null,
    "price": "129.32",
    "quantity": 1,
    "extended": "129.32"
  }
},
{
  "model": "catalog.orderitem",
  "pk": 44,
  "fields": {
    "polymorphic_ctype": 15,
    "order": 11,
    "status": "active",
    "product": 3,
    "description": null,
    "price": "78.30",
    "quantity": 17,
    "extended": "1331.10"
  }
},
{
  "model": "catalog.orderitem",
  "pk": 45,
  "fields": {
    "polymorphic_ctype": 15,
    "order": 11,
    "status": "active",
    "product": 65,
    "description": null,
    "price": "516.27",
    "quantity": 1,
    "extended": "516.27"
  }
},
{
  "model": "catalog.orderitem",
  "pk": 46,
  "fields": {
    "polymorphic_ctype": 15,
    "order": 12,
    "status": "deleted",
    "product": 65,
    "description": null,
    "price": "516.27",
    "quantity": 1,
    "extended": "516.27"
  }
},
{
  "model": "catalog.orderitem",
  "pk": 47,
  "fields": {
    "polymorphic_ctype": 15,
    "order": 12,
    "status": "active",
    "product": 75,
    "description": null,
    "price": "54.39",
    "quantity": 1,
    "extended": "54.39"
  }
},
{
  "model": "catalog.orderitem",
  "pk": 48,
  "fields": {
    "polymorphic_ctype": 15,
    "order": 12,
    "status": "active",
    "product": 28,
    "description": null,
    "price": "776.97",
    "quantity": 1,
    "extended": "776.97"
  }
},
{
  "model": "catalog.orderitem",
  "pk": 49,
  "fields": {
    "polymorphic_ctype": 15,
    "order": 13,
    "status": "deleted",
    "product": 28,
    "description": null,
    "price": "776.97",
    "quantity": 1,
    "extended": "776.97"
  }
},
{
  "model": "catalog.orderitem",
  "pk": 50,
  "fields": {
    "polymorphic_ctype": 15,
    "order": 13,
    "status": "active",
    "product": 75,
    "description": null,
    "price": "248.18",
    "quantity": 1,
    "extended": "248.18"
  }
},
{
  "model": "catalog.orderitem",
  "pk": 51,
  "fields": {
    "polymorphic_ctype": 15,
    "order": 13,
    "status": "active",
    "product": 12,
    "description": null,
    "price": "871.24",
    "quantity": 3,
    "extended": "2613.72"
  }
},
{
  "model": "catalog.orderitem",
  "pk": 52,
  "fields": {
    "polymorphic_ctype": 15,
    "order": 13,
    "status": "active",
    "product": 1,
    "description": null,
    "price": "461.55",
    "quantity": 1,
    "extended": "461.55"
  }
},
{
  "model": "catalog.orderitem",
  "pk": 53,
  "fields": {
    "polymorphic_ctype": 15,
    "order": 13,
    "status": "active",
    "product": 5,
    "description": null,
    "price": "470.19",
    "quantity": 1,
    "extended": "470.19"
  }
},
{
  "model": "catalog.orderitem",
  "pk": 54,
  "fields": {
    "polymorphic_ctype": 15,
    "order": 14,
    "status": "active",
    "product": 75,
    "description": null,
    "price": "51.84",
    "quantity": 1,
    "extended": "51.84"
  }
},
{
  "model": "catalog.orderitem",
  "pk": 55,
  "fields": {
    "polymorphic_ctype": 15,
    "order": 14,
    "status": "deleted",
    "product": 28,
    "description": null,
    "price": "776.97",
    "quantity": 1,
    "extended": "776.97"
  }
},
{
  "model": "catalog.orderitem",
  "pk": 56,
  "fields": {
    "polymorphic_ctype": 15,
    "order": 14,
    "status": "deleted",
    "product": 2,
    "description": null,
    "price": "31.78",
    "quantity": 3,
    "extended": "95.34"
  }
},
{
  "model": "catalog.orderitem",
  "pk": 57,
  "fields": {
    "polymorphic_ctype": 15,
    "order": 14,
    "status": "active",
    "product": 17,
    "description": null,
    "price": "92.99",
    "quantity": 3,
    "extended": "278.97"
  }
},
{
  "model": "catalog.orderitem",
  "pk": 58,
  "fields": {
    "polymorphic_ctype": 15,
    "order": 14,
    "status": "active",
    "product": 1,
    "description": null,
    "price": "461.55",
    "quantity": 1,
    "extended": "461.55"
  }
},
{
  "model": "catalog.orderitem",
  "pk": 59,
  "fields": {
    "polymorphic_ctype": 15,
    "order": 15,
    "status": "active",
    "product": 75,
    "description": null,
    "price": "6.51",
    "quantity": 1,
    "extended": "6.51"
  }
},
{
  "model": "catalog.orderitem",
  "pk": 60,
  "fields": {
    "polymorphic_ctype": 15,
    "order": 15,
    "status": "active",
    "product": 17,
    "description": null,
    "price": "92.99",
    "quantity": 1,
    "extended": "92.99"
  }
},
{
  "model": "catalog.orderitem",
  "pk": 61,
  "fields": {
    "polymorphic_ctype": 15,
    "order": 16,
    "status": "active",
    "product": 1,
    "description": null,
    "price": "461.55",
    "quantity": 1,
    "extended": "461.55"
  }
},
{
  "model": "catalog.orderitem",
  "pk": 62,
  "fields": {
    "polymorphic_ctype": 15,
    "order": 16,
    "status": "active",
    "product": 75,
    "description": null,
    "price": "32.31",
    "quantity": 1,
    "extended": "32.31"
  }
},
{
  "model": "catalog.orderitem",
  "pk": 63,
  "fields": {
    "polymorphic_ctype": 15,
    "order": 17,
    "status": "active",
    "product": 20,
    "description": null,
    "price": "456.54",
    "quantity": 1,
    "extended": "456.54"
  }
},
{
  "model": "catalog.orderitem",
  "pk": 64,
  "fields": {
    "polymorphic_ctype": 15,
    "order": 17,
    "status": "active",
    "product": 75,
    "description": null,
    "price": "31.96",
    "quantity": 1,
    "extended": "31.96"
  }
},
{
  "model": "catalog.orderitem",
  "pk": 65,
  "fields": {
    "polymorphic_ctype": 15,
    "order": 18,
    "status": "active",
    "product": 20,
    "description": null,
    "price": "456.54",
    "quantity": 1,
    "extended": "456.54"
  }
},
{
  "model": "catalog.orderitem",
  "pk": 66,
  "fields": {
    "polymorphic_ctype": 15,
    "order": 18,
    "status": "active",
    "product": 75,
    "description": null,
    "price": "31.96",
    "quantity": 1,
    "extended": "31.96"
  }
},
{
  "model": "catalog.orderitem",
  "pk": 67,
  "fields": {
    "polymorphic_ctype": 15,
    "order": 19,
    "status": "active",
    "product": 1,
    "description": null,
    "price": "461.55",
    "quantity": 1,
    "extended": "461.55"
  }
},
{
  "model": "catalog.orderitem",
  "pk": 68,
  "fields": {
    "polymorphic_ctype": 15,
    "order": 19,
    "status": "active",
    "product": 75,
    "description": null,
    "price": "68.91",
    "quantity": 1,
    "extended": "68.91"
  }
},
{
  "model": "catalog.orderitem",
  "pk": 69,
  "fields": {
    "polymorphic_ctype": 15,
    "order": 19,
    "status": "active",
    "product": 35,
    "description": null,
    "price": "522.87",
    "quantity": 1,
    "extended": "522.87"
  }
},
{
  "model": "catalog.orderitem",
  "pk": 70,
  "fields": {
    "polymorphic_ctype": 15,
    "order": 20,
    "status": "active",
    "product": 12,
    "description": null,
    "price": "871.24",
    "quantity": 3,
    "extended": "2613.72"
  }
},
{
  "model": "catalog.orderitem",
  "pk": 71,
  "fields": {
    "polymorphic_ctype": 15,
    "order": 20,
    "status": "active",
    "product": 75,
    "description": null,
    "price": "234.80",
    "quantity": 1,
    "extended": "234.80"
  }
},
{
  "model": "catalog.orderitem",
  "pk": 72,
  "fields": {
    "polymorphic_ctype": 15,
    "order": 20,
    "status": "active",
    "product": 17,
    "description": null,
    "price": "92.99",
    "quantity": 3,
    "extended": "278.97"
  }
},
{
  "model": "catalog.orderitem",
  "pk": 73,
  "fields": {
    "polymorphic_ctype": 15,
    "order": 20,
    "status": "active",
    "product": 1,
    "description": null,
    "price": "461.55",
    "quantity": 1,
    "extended": "461.55"
  }
},
{
  "model": "catalog.orderitem",
  "pk": 74,
  "fields": {
    "polymorphic_ctype": 15,
    "order": 21,
    "status": "active",
    "product": 17,
    "description": null,
    "price": "92.99",
    "quantity": 1,
    "extended": "92.99"
  }
},
{
  "model": "catalog.orderitem",
  "pk": 75,
  "fields": {
    "polymorphic_ctype": 15,
    "order": 21,
    "status": "active",
    "product": 75,
    "description": null,
    "price": "136.00",
    "quantity": 1,
    "extended": "136.00"
  }
},
{
  "model": "catalog.orderitem",
  "pk": 76,
  "fields": {
    "polymorphic_ctype": 15,
    "order": 21,
    "status": "active",
    "product": 12,
    "description": null,
    "price": "871.24",
    "quantity": 1,
    "extended": "871.24"
  }
},
{
  "model": "catalog.orderitem",
  "pk": 77,
  "fields": {
    "polymorphic_ctype": 15,
    "order": 21,
    "status": "deleted",
    "product": 35,
    "description": null,
    "price": "522.87",
    "quantity": 1,
    "extended": "522.87"
  }
},
{
  "model": "catalog.orderitem",
  "pk": 78,
  "fields": {
    "polymorphic_ctype": 15,
    "order": 21,
    "status": "active",
    "product": 42,
    "description": null,
    "price": "978.66",
    "quantity": 1,
    "extended": "978.66"
  }
},
{
  "model": "catalog.payment",
  "pk": 2,
  "fields": {
    "order": 10,
    "payment_date": "2018-03-30T15:20:33.563",
    "amount": "181976.00",
    "validation_code": "tok_1CBP1lLzgIPuBRVnHsKhABJz"
  }
},
{
  "model": "catalog.payment",
  "pk": 3,
  "fields": {
    "order": 11,
    "payment_date": "2018-03-30T15:27:44.753",
    "amount": "197669.00",
    "validation_code": "tok_1CBP8iLzgIPuBRVnpv6fqqeg"
  }
},
{
  "model": "catalog.payment",
  "pk": 4,
  "fields": {
    "order": 12,
    "payment_date": "2018-03-30T15:34:54.861",
    "amount": "83136.00",
    "validation_code": "tok_1CBPAmLzgIPuBRVnoQJYhmKP"
  }
},
{
  "model": "catalog.payment",
  "pk": 5,
  "fields": {
    "order": 13,
    "payment_date": "2018-04-02T14:08:24.873",
    "amount": "379364.00",
    "validation_code": "tok_1CCTKaLzgIPuBRVn1AprbPz3"
  }
},
{
  "model": "catalog.payment",
  "pk": 8,
  "fields": {
    "order": 14,
    "payment_date": "2018-04-06T21:08:42.842",
    "amount": "79236.00",
    "validation_code": "tok_1CE1nXLzgIPuBRVnpsR5ehIq"
  }
},
{
  "model": "catalog.payment",
  "pk": 10,
  "fields": {
    "order": 15,
    "payment_date": "2018-04-06T21:28:46.471",
    "amount": "9950.00",
    "validation_code": "tok_1CE26wLzgIPuBRVnqB6eL8yR"
  }
},
{
  "model": "catalog.payment",
  "pk": 12,
  "fields": {
    "order": 16,
    "payment_date": "2018-04-06T21:50:51.034",
    "amount": "49386.00",
    "validation_code": "tok_1CE2SJLzgIPuBRVnL0o9GqMd"
  }
},
{
  "model": "catalog.payment",
  "pk": 14,
  "fields": {
    "order": 17,
    "payment_date": "2018-04-06T22:01:13.572",
    "amount": "48850.00",
    "validation_code": "tok_1CE2cKLzgIPuBRVnnXJg5q1A"
  }
},
{
  "model": "catalog.payment",
  "pk": 16,
  "fields": {
    "order": 18,
    "payment_date": "2018-04-06T22:17:23.322",
    "amount": "48850.00",
    "validation_code": "tok_1CE2rzLzgIPuBRVnxe5lAcEE"
  }
},
{
  "model": "catalog.payment",
  "pk": 18,
  "fields": {
    "order": 19,
    "payment_date": "2018-04-06T22:27:30.150",
    "amount": "105333.00",
    "validation_code": "tok_1CE31mLzgIPuBRVnhKT5jP0p"
  }
},
{
  "model": "catalog.payment",
  "pk": 19,
  "fields": {
    "order": 20,
    "payment_date": "2018-04-06T22:35:51.867",
    "amount": "358904.00",
    "validation_code": "tok_1CE39rLzgIPuBRVngj41fov2"
  }
},
{
  "model": "catalog.payment",
  "pk": 20,
  "fields": {
    "order": 21,
    "payment_date": "2018-04-06T22:55:54.915",
    "amount": "207889.00",
    "validation_code": "tok_1CE3TGLzgIPuBRVn2wlL642Y"
  }
},
{
  "model": "auth.permission",
  "pk": 1,
  "fields": {
    "name": "Can add log entry",
    "content_type": 1,
    "codename": "add_logentry"
  }
},
{
  "model": "auth.permission",
  "pk": 2,
  "fields": {
    "name": "Can change log entry",
    "content_type": 1,
    "codename": "change_logentry"
  }
},
{
  "model": "auth.permission",
  "pk": 3,
  "fields": {
    "name": "Can delete log entry",
    "content_type": 1,
    "codename": "delete_logentry"
  }
},
{
  "model": "auth.permission",
  "pk": 4,
  "fields": {
    "name": "Can add permission",
    "content_type": 2,
    "codename": "add_permission"
  }
},
{
  "model": "auth.permission",
  "pk": 5,
  "fields": {
    "name": "Can change permission",
    "content_type": 2,
    "codename": "change_permission"
  }
},
{
  "model": "auth.permission",
  "pk": 6,
  "fields": {
    "name": "Can delete permission",
    "content_type": 2,
    "codename": "delete_permission"
  }
},
{
  "model": "auth.permission",
  "pk": 7,
  "fields": {
    "name": "Can add group",
    "content_type": 3,
    "codename": "add_group"
  }
},
{
  "model": "auth.permission",
  "pk": 8,
  "fields": {
    "name": "Can change group",
    "content_type": 3,
    "codename": "change_group"
  }
},
{
  "model": "auth.permission",
  "pk": 9,
  "fields": {
    "name": "Can delete group",
    "content_type": 3,
    "codename": "delete_group"
  }
},
{
  "model": "auth.permission",
  "pk": 10,
  "fields": {
    "name": "Can add content type",
    "content_type": 4,
    "codename": "add_contenttype"
  }
},
{
  "model": "auth.permission",
  "pk": 11,
  "fields": {
    "name": "Can change content type",
    "content_type": 4,
    "codename": "change_contenttype"
  }
},
{
  "model": "auth.permission",
  "pk": 12,
  "fields": {
    "name": "Can delete content type",
    "content_type": 4,
    "codename": "delete_contenttype"
  }
},
{
  "model": "auth.permission",
  "pk": 13,
  "fields": {
    "name": "Can add session",
    "content_type": 5,
    "codename": "add_session"
  }
},
{
  "model": "auth.permission",
  "pk": 14,
  "fields": {
    "name": "Can change session",
    "content_type": 5,
    "codename": "change_session"
  }
},
{
  "model": "auth.permission",
  "pk": 15,
  "fields": {
    "name": "Can delete session",
    "content_type": 5,
    "codename": "delete_session"
  }
},
{
  "model": "auth.permission",
  "pk": 16,
  "fields": {
    "name": "Can add user",
    "content_type": 7,
    "codename": "add_user"
  }
},
{
  "model": "auth.permission",
  "pk": 17,
  "fields": {
    "name": "Can change user",
    "content_type": 7,
    "codename": "change_user"
  }
},
{
  "model": "auth.permission",
  "pk": 18,
  "fields": {
    "name": "Can delete user",
    "content_type": 7,
    "codename": "delete_user"
  }
},
{
  "model": "auth.permission",
  "pk": 19,
  "fields": {
    "name": "Can add category",
    "content_type": 8,
    "codename": "add_category"
  }
},
{
  "model": "auth.permission",
  "pk": 20,
  "fields": {
    "name": "Can change category",
    "content_type": 8,
    "codename": "change_category"
  }
},
{
  "model": "auth.permission",
  "pk": 21,
  "fields": {
    "name": "Can delete category",
    "content_type": 8,
    "codename": "delete_category"
  }
},
{
  "model": "auth.permission",
  "pk": 22,
  "fields": {
    "name": "Can add product",
    "content_type": 9,
    "codename": "add_product"
  }
},
{
  "model": "auth.permission",
  "pk": 23,
  "fields": {
    "name": "Can change product",
    "content_type": 9,
    "codename": "change_product"
  }
},
{
  "model": "auth.permission",
  "pk": 24,
  "fields": {
    "name": "Can delete product",
    "content_type": 9,
    "codename": "delete_product"
  }
},
{
  "model": "auth.permission",
  "pk": 25,
  "fields": {
    "name": "Can add bulk product",
    "content_type": 10,
    "codename": "add_bulkproduct"
  }
},
{
  "model": "auth.permission",
  "pk": 26,
  "fields": {
    "name": "Can change bulk product",
    "content_type": 10,
    "codename": "change_bulkproduct"
  }
},
{
  "model": "auth.permission",
  "pk": 27,
  "fields": {
    "name": "Can delete bulk product",
    "content_type": 10,
    "codename": "delete_bulkproduct"
  }
},
{
  "model": "auth.permission",
  "pk": 28,
  "fields": {
    "name": "Can add individual product",
    "content_type": 11,
    "codename": "add_individualproduct"
  }
},
{
  "model": "auth.permission",
  "pk": 29,
  "fields": {
    "name": "Can change individual product",
    "content_type": 11,
    "codename": "change_individualproduct"
  }
},
{
  "model": "auth.permission",
  "pk": 30,
  "fields": {
    "name": "Can delete individual product",
    "content_type": 11,
    "codename": "delete_individualproduct"
  }
},
{
  "model": "auth.permission",
  "pk": 31,
  "fields": {
    "name": "Can add rental product",
    "content_type": 12,
    "codename": "add_rentalproduct"
  }
},
{
  "model": "auth.permission",
  "pk": 32,
  "fields": {
    "name": "Can change rental product",
    "content_type": 12,
    "codename": "change_rentalproduct"
  }
},
{
  "model": "auth.permission",
  "pk": 33,
  "fields": {
    "name": "Can delete rental product",
    "content_type": 12,
    "codename": "delete_rentalproduct"
  }
},
{
  "model": "auth.permission",
  "pk": 34,
  "fields": {
    "name": "Can add product image",
    "content_type": 13,
    "codename": "add_productimage"
  }
},
{
  "model": "auth.permission",
  "pk": 35,
  "fields": {
    "name": "Can change product image",
    "content_type": 13,
    "codename": "change_productimage"
  }
},
{
  "model": "auth.permission",
  "pk": 36,
  "fields": {
    "name": "Can delete product image",
    "content_type": 13,
    "codename": "delete_productimage"
  }
},
{
  "model": "auth.permission",
  "pk": 37,
  "fields": {
    "name": "Can add order",
    "content_type": 14,
    "codename": "add_order"
  }
},
{
  "model": "auth.permission",
  "pk": 38,
  "fields": {
    "name": "Can change order",
    "content_type": 14,
    "codename": "change_order"
  }
},
{
  "model": "auth.permission",
  "pk": 39,
  "fields": {
    "name": "Can delete order",
    "content_type": 14,
    "codename": "delete_order"
  }
},
{
  "model": "auth.permission",
  "pk": 40,
  "fields": {
    "name": "Can add order item",
    "content_type": 15,
    "codename": "add_orderitem"
  }
},
{
  "model": "auth.permission",
  "pk": 41,
  "fields": {
    "name": "Can change order item",
    "content_type": 15,
    "codename": "change_orderitem"
  }
},
{
  "model": "auth.permission",
  "pk": 42,
  "fields": {
    "name": "Can delete order item",
    "content_type": 15,
    "codename": "delete_orderitem"
  }
},
{
  "model": "auth.permission",
  "pk": 43,
  "fields": {
    "name": "Can add payment",
    "content_type": 16,
    "codename": "add_payment"
  }
},
{
  "model": "auth.permission",
  "pk": 44,
  "fields": {
    "name": "Can change payment",
    "content_type": 16,
    "codename": "change_payment"
  }
},
{
  "model": "auth.permission",
  "pk": 45,
  "fields": {
    "name": "Can delete payment",
    "content_type": 16,
    "codename": "delete_payment"
  }
},
{
  "model": "auth.permission",
  "pk": 46,
  "fields": {
    "name": "Can create",
    "content_type": 7,
    "codename": "can_create"
  }
},
{
  "model": "auth.permission",
  "pk": 47,
  "fields": {
    "name": "Admin",
    "content_type": 7,
    "codename": "admin"
  }
},
{
  "model": "auth.group",
  "pk": 2,
  "fields": {
    "name": "Customer Support",
    "permissions": [
      18,
      1
    ]
  }
},
{
  "model": "auth.group",
  "pk": 3,
  "fields": {
    "name": "Inventory Control",
    "permissions": [
      1,
      2
    ]
  }
},
{
  "model": "account.user",
  "pk": 100,
  "fields": {
    "password": "pbkdf2_sha256$100000$k0voTwmgWpd1$OzZqbgatVPeSmOrENi9VV/rHcn0rg04k8j1NR9Eno48=",
    "last_login": "2018-04-06T23:05:08.936",
    "is_superuser": true,
    "email": "patrikdrean@gmail.com",
    "first_name": "Patrik",
    "last_name": "Drean",
    "is_staff": true,
    "is_active": true,
    "date_joined": "2018-01-29T17:42:15.274",
    "address": null,
    "state": null,
    "zip": null,
    "groups": [
      3
    ],
    "user_permissions": []
  }
},
{
  "model": "account.user",
  "pk": 101,
  "fields": {
    "password": "pbkdf2_sha256$100000$KOFXqrcHEfcq$7JBNRo7PsNtenp1TTlHVhdDnTfHl8FNN6UthHLeTFME=",
    "last_login": "2018-01-29T17:42:37.885",
    "is_superuser": true,
    "email": "tacoman@gmail.com",
    "first_name": "Taco",
    "last_name": "Johnson",
    "is_staff": true,
    "is_active": true,
    "date_joined": "2018-01-29T17:42:15.274",
    "address": null,
    "state": null,
    "zip": null,
    "groups": [
      3
    ],
    "user_permissions": []
  }
},
{
  "model": "account.user",
  "pk": 102,
  "fields": {
    "password": "pbkdf2_sha256$100000$k0voTwmgWpd1$OzZqbgatVPeSmOrENi9VV/rHcn0rg04k8j1NR9Eno48=",
    "last_login": "2018-03-29T13:04:02.641",
    "is_superuser": false,
    "email": "a@gmail.com",
    "first_name": "",
    "last_name": "",
    "is_staff": false,
    "is_active": true,
    "date_joined": "2018-03-29T13:04:02.271",
    "address": "a",
    "state": "aa",
    "zip": "a",
    "groups": [],
    "user_permissions": []
  }
},
{
  "model": "account.user",
  "pk": 103,
  "fields": {
    "password": "pbkdf2_sha256$100000$YDtI7EEzO1qH$4+7TZRQKT4hlAdPfCo1VeA98xZ5Lf8vCDCopcn/xkxs=",
    "last_login": "2018-04-06T23:04:49.104",
    "is_superuser": false,
    "email": "rachelrdrean@gmail.com",
    "first_name": "",
    "last_name": "",
    "is_staff": false,
    "is_active": true,
    "date_joined": "2018-04-06T23:04:48.831",
    "address": "ja",
    "state": "j",
    "zip": "j",
    "groups": [],
    "user_permissions": []
  }
},
{
  "model": "account.user",
  "pk": 104,
  "fields": {
    "password": "pbkdf2_sha256$100000$i9Ael51Pcuvq$WczUbT2fcmmhW1oCf5ZntAnxnLsd5cJVfh5w+XIBaFE=",
    "last_login": "2018-04-11T23:16:08.516",
    "is_superuser": false,
    "email": "1@gmail.com",
    "first_name": "",
    "last_name": "",
    "is_staff": false,
    "is_active": true,
    "date_joined": "2018-04-11T23:16:08.167",
    "address": "a",
    "state": "a",
    "zip": "a",
    "groups": [],
    "user_permissions": []
  }
},
{
  "model": "catalog.order",
  "pk": 9,
  "fields": {
    "order_date": null,
    "name": "Shopping Cart",
    "status": "cart",
    "total_price": "2861.42",
    "user": 102,
    "ship_date": null,
    "ship_tracking": null,
    "ship_name": null,
    "ship_address": null,
    "ship_city": null,
    "ship_state": null,
    "ship_zip_code": null
  }
},
{
  "model": "catalog.order",
  "pk": 10,
  "fields": {
    "order_date": null,
    "name": "Shopping Cart",
    "status": "sold",
    "total_price": "1819.76",
    "user": 100,
    "ship_date": null,
    "ship_tracking": null,
    "ship_name": null,
    "ship_address": null,
    "ship_city": null,
    "ship_state": null,
    "ship_zip_code": null
  }
},
{
  "model": "catalog.order",
  "pk": 11,
  "fields": {
    "order_date": null,
    "name": "Shopping Cart",
    "status": "sold",
    "total_price": "1976.69",
    "user": 100,
    "ship_date": null,
    "ship_tracking": null,
    "ship_name": null,
    "ship_address": null,
    "ship_city": null,
    "ship_state": null,
    "ship_zip_code": null
  }
},
{
  "model": "catalog.order",
  "pk": 12,
  "fields": {
    "order_date": null,
    "name": "Shopping Cart",
    "status": "sold",
    "total_price": "831.36",
    "user": 100,
    "ship_date": null,
    "ship_tracking": null,
    "ship_name": null,
    "ship_address": null,
    "ship_city": null,
    "ship_state": null,
    "ship_zip_code": null
  }
},
{
  "model": "catalog.order",
  "pk": 13,
  "fields": {
    "order_date": null,
    "name": "Shopping Cart",
    "status": "sold",
    "total_price": "3793.64",
    "user": 100,
    "ship_date": null,
    "ship_tracking": null,
    "ship_name": null,
    "ship_address": null,
    "ship_city": null,
    "ship_state": null,
    "ship_zip_code": null
  }
},
{
  "model": "catalog.order",
  "pk": 14,
  "fields": {
    "order_date": null,
    "name": "Shopping Cart",
    "status": "sold",
    "total_price": "792.36",
    "user": 100,
    "ship_date": null,
    "ship_tracking": null,
    "ship_name": null,
    "ship_address": null,
    "ship_city": null,
    "ship_state": null,
    "ship_zip_code": null
  }
},
{
  "model": "catalog.order",
  "pk": 15,
  "fields": {
    "order_date": null,
    "name": "Shopping Cart",
    "status": "sold",
    "total_price": "99.50",
    "user": 100,
    "ship_date": null,
    "ship_tracking": null,
    "ship_name": null,
    "ship_address": null,
    "ship_city": null,
    "ship_state": null,
    "ship_zip_code": null
  }
},
{
  "model": "catalog.order",
  "pk": 16,
  "fields": {
    "order_date": null,
    "name": "Shopping Cart",
    "status": "sold",
    "total_price": "493.86",
    "user": 100,
    "ship_date": null,
    "ship_tracking": null,
    "ship_name": null,
    "ship_address": null,
    "ship_city": null,
    "ship_state": null,
    "ship_zip_code": null
  }
},
{
  "model": "catalog.order",
  "pk": 17,
  "fields": {
    "order_date": null,
    "name": "Shopping Cart",
    "status": "sold",
    "total_price": "488.50",
    "user": 100,
    "ship_date": null,
    "ship_tracking": null,
    "ship_name": null,
    "ship_address": null,
    "ship_city": null,
    "ship_state": null,
    "ship_zip_code": null
  }
},
{
  "model": "catalog.order",
  "pk": 18,
  "fields": {
    "order_date": null,
    "name": "Shopping Cart",
    "status": "sold",
    "total_price": "488.50",
    "user": 100,
    "ship_date": null,
    "ship_tracking": null,
    "ship_name": null,
    "ship_address": null,
    "ship_city": null,
    "ship_state": null,
    "ship_zip_code": null
  }
},
{
  "model": "catalog.order",
  "pk": 19,
  "fields": {
    "order_date": null,
    "name": "Shopping Cart",
    "status": "sold",
    "total_price": "1053.33",
    "user": 100,
    "ship_date": null,
    "ship_tracking": null,
    "ship_name": null,
    "ship_address": null,
    "ship_city": null,
    "ship_state": null,
    "ship_zip_code": null
  }
},
{
  "model": "catalog.order",
  "pk": 20,
  "fields": {
    "order_date": null,
    "name": "Shopping Cart",
    "status": "sold",
    "total_price": "3589.04",
    "user": 100,
    "ship_date": null,
    "ship_tracking": null,
    "ship_name": null,
    "ship_address": null,
    "ship_city": null,
    "ship_state": null,
    "ship_zip_code": null
  }
},
{
  "model": "catalog.order",
  "pk": 21,
  "fields": {
    "order_date": null,
    "name": "Shopping Cart",
    "status": "sold",
    "total_price": "2078.89",
    "user": 100,
    "ship_date": null,
    "ship_tracking": null,
    "ship_name": null,
    "ship_address": null,
    "ship_city": null,
    "ship_state": null,
    "ship_zip_code": null
  }
},
{
  "model": "catalog.order",
  "pk": 22,
  "fields": {
    "order_date": null,
    "name": "Shopping Cart",
    "status": "cart",
    "total_price": "0.00",
    "user": 100,
    "ship_date": null,
    "ship_tracking": null,
    "ship_name": null,
    "ship_address": null,
    "ship_city": null,
    "ship_state": null,
    "ship_zip_code": null
  }
},
{
  "model": "catalog.order",
  "pk": 23,
  "fields": {
    "order_date": null,
    "name": "Shopping Cart",
    "status": "cart",
    "total_price": "0.00",
    "user": 103,
    "ship_date": null,
    "ship_tracking": null,
    "ship_name": null,
    "ship_address": null,
    "ship_city": null,
    "ship_state": null,
    "ship_zip_code": null
  }
},
{
  "model": "catalog.order",
  "pk": 24,
  "fields": {
    "order_date": null,
    "name": "Shopping Cart",
    "status": "cart",
    "total_price": "0.00",
    "user": 104,
    "ship_date": null,
    "ship_tracking": null,
    "ship_name": null,
    "ship_address": null,
    "ship_city": null,
    "ship_state": null,
    "ship_zip_code": null
  }
},
{
  "model": "admin.logentry",
  "pk": 1,
  "fields": {
    "action_time": "2018-01-30T18:43:57.155",
    "user": 100,
    "content_type": 1,
    "object_id": "1",
    "object_repr": "test",
    "action_flag": 1,
    "change_message": "[{\"added\": {}}]"
  }
}
]
